model,source,scope,module,n_refs,mean,std,min,max
deepseek7b,phase290,L20,attn,3456.000000,119.147066,12.402129,88.915031,153.443146
deepseek7b,phase290,L20,mlp,3456.000000,403.208046,149.015815,189.212784,855.580017
deepseek7b,phase290,L20,next_layer_out,6336.000000,46062.883070,3234.285691,40020.449219,55483.550781
deepseek7b,phase290,L20,next_resid_in,6336.000000,46106.106852,3217.619164,40024.867187,55490.574219
deepseek7b,phase290,L20,resid,1440.000000,46106.106852,3217.619164,40024.867187,55490.574219
deepseek7b,phase290,L21,attn,3456.000000,169.234227,21.451285,116.420563,247.466599
deepseek7b,phase290,L21,mlp,3456.000000,276.400404,45.809121,156.210526,395.778503
deepseek7b,phase290,L21,next_layer_out,6336.000000,46032.660197,3246.268826,40013.863281,55476.660156
deepseek7b,phase290,L21,next_resid_in,6336.000000,46062.883070,3234.285691,40020.449219,55483.550781
deepseek7b,phase290,L21,resid,1440.000000,46062.883070,3234.285691,40020.449219,55483.550781
deepseek7b,phase290,L22,attn,3456.000000,158.610061,23.414622,111.439522,215.089676
deepseek7b,phase290,L22,mlp,3456.000000,416.366202,74.975807,210.273087,594.619385
deepseek7b,phase290,L22,next_layer_out,6336.000000,45889.240994,3244.388480,39915.046875,55328.800781
deepseek7b,phase290,L22,next_resid_in,6336.000000,46032.660197,3246.268826,40013.863281,55476.660156
deepseek7b,phase290,L22,resid,1440.000000,46032.660197,3246.268826,40013.863281,55476.660156
deepseek7b,phase290,L23,attn,3456.000000,212.323604,36.258236,137.857758,321.538330
deepseek7b,phase290,L23,mlp,3456.000000,538.259105,93.967764,277.326477,734.125610
deepseek7b,phase290,L23,next_layer_out,6336.000000,45417.518582,3211.435583,39534.652344,54793.820313
deepseek7b,phase290,L23,next_resid_in,6336.000000,45889.240994,3244.388480,39915.046875,55328.800781
deepseek7b,phase290,L23,resid,1440.000000,45889.240994,3244.388480,39915.046875,55328.800781
deepseek7b,phase290,L24,attn,3456.000000,261.452758,30.993322,192.435349,337.214539
deepseek7b,phase290,L24,mlp,3456.000000,740.479463,67.660944,590.673462,913.716797
deepseek7b,phase290,L24,next_layer_out,6336.000000,43415.761827,3062.207466,37886.128906,52434.093750
deepseek7b,phase290,L24,next_resid_in,6336.000000,45417.518582,3211.435583,39534.652344,54793.820313
deepseek7b,phase290,L24,resid,1440.000000,45417.518582,3211.435583,39534.652344,54793.820313
deepseek7b,phase290,L25,attn,3456.000000,251.162104,32.699537,180.603271,341.058014
deepseek7b,phase290,L25,mlp,3456.000000,2758.887406,213.950816,2340.227783,3278.035156
deepseek7b,phase290,L25,next_layer_out,6336.000000,27564.544447,2045.885082,25171.185547,34600.031250
deepseek7b,phase290,L25,next_resid_in,6336.000000,43415.761827,3062.207466,37886.128906,52434.093750
deepseek7b,phase290,L25,resid,1440.000000,43415.761827,3062.207466,37886.128906,52434.093750
deepseek7b,phase290,L26,attn,3456.000000,302.808226,34.182504,226.514999,467.792297
deepseek7b,phase290,L26,mlp,3456.000000,17398.507545,1075.585443,13626.393555,18990.373047
deepseek7b,phase290,L26,next_layer_out,6336.000000,21379.365404,1524.673289,19602.568359,27212.423828
deepseek7b,phase290,L26,next_resid_in,6336.000000,27564.544447,2045.885082,25171.185547,34600.031250
deepseek7b,phase290,L26,resid,1440.000000,27564.544447,2045.885082,25171.185547,34600.031250
deepseek7b,phase290,L27,attn,3456.000000,11771.833788,964.992424,8801.186523,15770.660156
deepseek7b,phase290,L27,mlp,3456.000000,5599.153983,400.351915,4583.207520,7094.868652
deepseek7b,phase290,L27,resid,1440.000000,21379.365404,1524.673289,19602.568359,27212.423828
deepseek7b,phase291,L20,attn,6912.000000,119.147066,12.402129,88.915031,153.443146
deepseek7b,phase291,L20,mlp,6912.000000,403.208046,149.015815,189.212784,855.580017
deepseek7b,phase291,L20,resid,2880.000000,46106.106852,3217.619164,40024.867187,55490.574219
deepseek7b,phase291,L21,attn,6912.000000,169.234227,21.451285,116.420563,247.466599
deepseek7b,phase291,L21,mlp,6912.000000,276.400404,45.809121,156.210526,395.778503
deepseek7b,phase291,L21,resid,2880.000000,46062.883070,3234.285691,40020.449219,55483.550781
deepseek7b,phase291,L22,attn,6912.000000,158.610061,23.414622,111.439522,215.089676
deepseek7b,phase291,L22,mlp,6912.000000,416.366202,74.975807,210.273087,594.619385
deepseek7b,phase291,L22,resid,2880.000000,46032.660197,3246.268826,40013.863281,55476.660156
deepseek7b,phase291,L23,attn,6912.000000,212.323604,36.258236,137.857758,321.538330
deepseek7b,phase291,L23,mlp,6912.000000,538.259105,93.967764,277.326477,734.125610
deepseek7b,phase291,L23,resid,2880.000000,45889.240994,3244.388480,39915.046875,55328.800781
deepseek7b,phase291,L24,attn,6912.000000,261.452758,30.993322,192.435349,337.214539
deepseek7b,phase291,L24,mlp,6912.000000,740.479463,67.660944,590.673462,913.716797
deepseek7b,phase291,L24,resid,2880.000000,45417.518582,3211.435583,39534.652344,54793.820313
deepseek7b,phase291,L25,attn,6912.000000,251.162104,32.699537,180.603271,341.058014
deepseek7b,phase291,L25,mlp,6912.000000,2758.887406,213.950816,2340.227783,3278.035156
deepseek7b,phase291,L25,resid,2880.000000,43415.761827,3062.207466,37886.128906,52434.093750
deepseek7b,phase291,L26,attn,10368.000000,302.808226,34.182504,226.514999,467.792297
deepseek7b,phase291,L26,mlp,10368.000000,17398.507545,1075.585443,13626.393555,18990.373047
deepseek7b,phase291,L26,resid,4320.000000,27564.544447,2045.885082,25171.185547,34600.031250
deepseek7b,phase291,L27,attn,13824.000000,11771.833788,964.992424,8801.186523,15770.660156
deepseek7b,phase291,L27,mlp,13824.000000,5599.153983,400.351915,4583.207520,7094.868652
deepseek7b,phase291,L27,resid,5760.000000,21379.365404,1524.673289,19602.568359,27212.423828
glm4,phase290,L0,attn,3456.000000,0.842451,0.054702,0.720155,1.000380
glm4,phase290,L0,mlp,3456.000000,8.042804,0.018276,8.004459,8.122355
glm4,phase290,L0,next_layer_out,6336.000000,14.802332,0.030467,14.733068,14.885930
glm4,phase290,L0,next_resid_in,6336.000000,8.239612,0.022753,8.187968,8.320944
glm4,phase290,L0,resid,1440.000000,8.239612,0.022753,8.187968,8.320944
glm4,phase290,L1,attn,3456.000000,0.530181,0.064934,0.397701,0.690768
glm4,phase290,L1,mlp,3456.000000,7.234135,0.020268,7.187087,7.279287
glm4,phase290,L1,next_layer_out,6336.000000,15.612402,0.058475,15.478306,15.756780
glm4,phase290,L1,next_resid_in,6336.000000,14.802332,0.030467,14.733068,14.885930
glm4,phase290,L1,resid,1440.000000,14.802332,0.030467,14.733068,14.885930
glm4,phase290,L16,attn,3456.000000,2.922716,0.503044,1.941263,4.828710
glm4,phase290,L16,mlp,3456.000000,5.939473,0.895838,3.837496,7.953819
glm4,phase290,L16,next_layer_out,6336.000000,325.341848,0.165902,324.968994,325.688934
glm4,phase290,L16,next_resid_in,6336.000000,324.703026,0.124204,324.423157,324.971619
glm4,phase290,L16,resid,1440.000000,324.703026,0.124204,324.423157,324.971619
glm4,phase290,L2,attn,3456.000000,0.556728,0.098134,0.313064,0.768587
glm4,phase290,L2,mlp,3456.000000,1.565327,0.143092,1.219034,1.941456
glm4,phase290,L2,next_layer_out,6336.000000,15.752103,0.106918,15.503854,16.007854
glm4,phase290,L2,next_resid_in,6336.000000,15.612402,0.058475,15.478306,15.756780
glm4,phase290,L2,resid,1440.000000,15.612402,0.058475,15.478306,15.756780
glm4,phase290,L3,attn,3456.000000,0.816498,0.154430,0.457133,1.261202
glm4,phase290,L3,mlp,3456.000000,1.678081,0.178149,1.276848,2.070617
glm4,phase290,L3,next_layer_out,6336.000000,253.626390,0.009901,253.603241,253.651321
glm4,phase290,L3,next_resid_in,6336.000000,15.752103,0.106918,15.503854,16.007854
glm4,phase290,L3,resid,1440.000000,15.752103,0.106918,15.503854,16.007854
glm4,phase290,L4,attn,3456.000000,1.778879,0.142622,1.441334,2.163188
glm4,phase290,L4,mlp,3456.000000,249.628510,0.001470,249.625122,249.632675
glm4,phase290,L4,next_layer_out,6336.000000,265.428293,0.012422,265.398102,265.459503
glm4,phase290,L4,next_resid_in,6336.000000,253.626390,0.009901,253.603241,253.651321
glm4,phase290,L4,resid,1440.000000,253.626390,0.009901,253.603241,253.651321
glm4,phase290,L5,attn,3456.000000,1.127909,0.207624,0.676379,1.597670
glm4,phase290,L5,mlp,3456.000000,16.188864,0.042852,16.087856,16.297924
glm4,phase290,L5,next_layer_out,6336.000000,271.250376,0.016610,271.211273,271.290741
glm4,phase290,L5,next_resid_in,6336.000000,265.428293,0.012422,265.398102,265.459503
glm4,phase290,L5,resid,1440.000000,265.428293,0.012422,265.398102,265.459503
glm4,phase290,L6,attn,3456.000000,1.280565,0.217848,0.828506,1.860843
glm4,phase290,L6,mlp,3456.000000,9.111831,0.112233,8.865916,9.453671
glm4,phase290,L6,next_layer_out,6336.000000,293.292206,0.022446,293.238678,293.345001
glm4,phase290,L6,next_resid_in,6336.000000,271.250376,0.016610,271.211273,271.290741
glm4,phase290,L6,resid,1440.000000,271.250376,0.016610,271.211273,271.290741
glm4,phase290,L7,attn,3456.000000,1.605686,0.306467,0.964840,2.306821
glm4,phase290,L7,mlp,3456.000000,26.405372,0.058741,26.269108,26.539383
glm4,phase290,L7,next_layer_out,6336.000000,316.124752,0.028347,316.056671,316.190338
glm4,phase290,L7,next_resid_in,6336.000000,293.292206,0.022446,293.238678,293.345001
glm4,phase290,L7,resid,1440.000000,293.292206,0.022446,293.238678,293.345001
glm4,phase290,L8,attn,3456.000000,2.052646,0.423434,1.142304,3.265170
glm4,phase290,L8,mlp,3456.000000,27.261982,0.071655,27.099073,27.430426
glm4,phase290,L8,next_layer_out,6336.000000,318.617365,0.037889,318.527100,318.705688
glm4,phase290,L8,next_resid_in,6336.000000,316.124752,0.028347,316.056671,316.190338
glm4,phase290,L8,resid,1440.000000,316.124752,0.028347,316.056671,316.190338
glm4,phase291,L0,attn,17280.000000,0.842451,0.054702,0.720155,1.000380
glm4,phase291,L0,mlp,17280.000000,8.042804,0.018276,8.004459,8.122355
glm4,phase291,L0,resid,7200.000000,8.239612,0.022753,8.187968,8.320944
glm4,phase291,L1,attn,13824.000000,0.530181,0.064934,0.397701,0.690768
glm4,phase291,L1,mlp,13824.000000,7.234135,0.020268,7.187087,7.279287
glm4,phase291,L1,resid,5760.000000,14.802332,0.030467,14.733068,14.885930
glm4,phase291,L2,attn,10368.000000,0.556728,0.098134,0.313064,0.768587
glm4,phase291,L2,mlp,10368.000000,1.565327,0.143092,1.219034,1.941456
glm4,phase291,L2,resid,4320.000000,15.612402,0.058475,15.478306,15.756780
glm4,phase291,L3,attn,6912.000000,0.816498,0.154430,0.457133,1.261202
glm4,phase291,L3,mlp,6912.000000,1.678081,0.178149,1.276848,2.070617
glm4,phase291,L3,resid,2880.000000,15.752103,0.106918,15.503854,16.007854
glm4,phase291,L4,attn,10368.000000,1.778879,0.142622,1.441334,2.163188
glm4,phase291,L4,mlp,10368.000000,249.628510,0.001470,249.625122,249.632675
glm4,phase291,L4,resid,4320.000000,253.626390,0.009901,253.603241,253.651321
glm4,phase291,L5,attn,6912.000000,1.127909,0.207624,0.676379,1.597670
glm4,phase291,L5,mlp,6912.000000,16.188864,0.042852,16.087856,16.297924
glm4,phase291,L5,resid,2880.000000,265.428293,0.012422,265.398102,265.459503
glm4,phase291,L6,attn,6912.000000,1.280565,0.217848,0.828506,1.860843
glm4,phase291,L6,mlp,6912.000000,9.111831,0.112233,8.865916,9.453671
glm4,phase291,L6,resid,2880.000000,271.250376,0.016610,271.211273,271.290741
glm4,phase291,L7,attn,6912.000000,1.605686,0.306467,0.964840,2.306821
glm4,phase291,L7,mlp,6912.000000,26.405372,0.058741,26.269108,26.539383
glm4,phase291,L7,resid,2880.000000,293.292206,0.022446,293.238678,293.345001
glm4,phase291,L8,attn,6912.000000,2.052646,0.423434,1.142304,3.265170
glm4,phase291,L8,mlp,6912.000000,27.261982,0.071655,27.099073,27.430426
glm4,phase291,L8,resid,2880.000000,316.124752,0.028347,316.056671,316.190338
qwen3,phase290,L0,attn,3456.000000,9.098229,1.466257,4.626769,12.126488
qwen3,phase290,L0,mlp,3456.000000,20.806804,2.330908,14.740878,27.897585
qwen3,phase290,L0,next_layer_out,6336.000000,79.174605,21.873596,37.626041,128.504700
qwen3,phase290,L0,next_resid_in,6336.000000,26.208354,2.986056,18.918203,33.428085
qwen3,phase290,L0,resid,1440.000000,26.208354,2.986056,18.918203,33.428085
qwen3,phase290,L1,attn,3456.000000,9.426785,0.953957,7.217368,11.724715
qwen3,phase290,L1,mlp,3456.000000,63.899503,20.667565,21.937778,106.991745
qwen3,phase290,L1,next_layer_out,6336.000000,94.042394,25.141939,43.861698,151.612686
qwen3,phase290,L1,next_resid_in,6336.000000,79.174605,21.873596,37.626041,128.504700
qwen3,phase290,L1,resid,1440.000000,79.174605,21.873596,37.626041,128.504700
qwen3,phase290,L2,attn,3456.000000,6.279581,1.010662,3.765239,8.185213
qwen3,phase290,L2,mlp,3456.000000,18.161154,3.753883,8.565639,30.255720
qwen3,phase290,L2,next_layer_out,6336.000000,97.615602,26.600373,54.312206,160.271942
qwen3,phase290,L2,next_resid_in,6336.000000,94.042394,25.141939,43.861698,151.612686
qwen3,phase290,L2,resid,1440.000000,94.042394,25.141939,43.861698,151.612686
qwen3,phase290,L3,attn,3456.000000,7.388588,1.237682,4.711065,10.865334
qwen3,phase290,L3,mlp,3456.000000,15.569788,3.694062,8.498756,25.663465
qwen3,phase290,L3,next_layer_out,6336.000000,105.536213,26.067984,61.185940,168.243759
qwen3,phase290,L3,next_resid_in,6336.000000,97.615602,26.600373,54.312206,160.271942
qwen3,phase290,L3,resid,1440.000000,97.615602,26.600373,54.312206,160.271942
qwen3,phase290,L4,attn,3456.000000,8.979725,1.693483,5.102473,12.949713
qwen3,phase290,L4,mlp,3456.000000,25.232957,3.332723,17.696423,32.592678
qwen3,phase290,L4,next_layer_out,6336.000000,105.163705,25.263120,55.030334,166.912354
qwen3,phase290,L4,next_resid_in,6336.000000,105.536213,26.067984,61.185940,168.243759
qwen3,phase290,L4,resid,1440.000000,105.536213,26.067984,61.185940,168.243759
qwen3,phase290,L5,attn,3456.000000,12.874386,2.164912,7.967934,18.739719
qwen3,phase290,L5,mlp,3456.000000,35.651419,4.542441,24.593941,48.983597
qwen3,phase290,L5,next_layer_out,6336.000000,7728.088231,1260.387515,6471.171387,11277.943359
qwen3,phase290,L5,next_resid_in,6336.000000,105.163705,25.263120,55.030334,166.912354
qwen3,phase290,L5,resid,1440.000000,105.163705,25.263120,55.030334,166.912354
qwen3,phase290,L6,attn,3456.000000,70.784664,22.041803,29.563938,120.398865
qwen3,phase290,L6,mlp,3456.000000,7727.971000,1260.269631,6471.188965,11277.563477
qwen3,phase290,L6,next_layer_out,6336.000000,7728.006843,1260.374826,6471.059082,11277.917969
qwen3,phase290,L6,next_resid_in,6336.000000,7728.088231,1260.387515,6471.171387,11277.943359
qwen3,phase290,L6,resid,1440.000000,7728.088231,1260.387515,6471.171387,11277.943359
qwen3,phase290,L7,attn,3456.000000,14.527195,3.178256,7.374919,22.132311
qwen3,phase290,L7,mlp,3456.000000,37.111903,5.929581,22.664572,50.095207
qwen3,phase290,L7,next_layer_out,6336.000000,7728.176700,1260.348606,6471.166992,11278.102539
qwen3,phase290,L7,next_resid_in,6336.000000,7728.006843,1260.374826,6471.059082,11277.917969
qwen3,phase290,L7,resid,1440.000000,7728.006843,1260.374826,6471.059082,11277.917969
qwen3,phase290,L8,attn,3456.000000,21.524438,4.148731,12.049870,31.887436
qwen3,phase290,L8,mlp,3456.000000,48.810360,7.410532,30.634974,69.476517
qwen3,phase290,L8,next_layer_out,6336.000000,7728.144596,1260.341887,6471.145996,11278.161133
qwen3,phase290,L8,next_resid_in,6336.000000,7728.176700,1260.348606,6471.166992,11278.102539
qwen3,phase290,L8,resid,1440.000000,7728.176700,1260.348606,6471.166992,11278.102539
qwen3,phase291,L0,attn,13824.000000,9.098229,1.466257,4.626769,12.126488
qwen3,phase291,L0,mlp,13824.000000,20.806804,2.330908,14.740878,27.897585
qwen3,phase291,L0,resid,5760.000000,26.208354,2.986056,18.918203,33.428085
qwen3,phase291,L1,attn,10368.000000,9.426785,0.953957,7.217368,11.724715
qwen3,phase291,L1,mlp,10368.000000,63.899503,20.667565,21.937778,106.991745
qwen3,phase291,L1,resid,4320.000000,79.174605,21.873596,37.626041,128.504700
qwen3,phase291,L2,attn,10368.000000,6.279581,1.010662,3.765239,8.185213
qwen3,phase291,L2,mlp,10368.000000,18.161154,3.753883,8.565639,30.255720
qwen3,phase291,L2,resid,4320.000000,94.042394,25.141939,43.861698,151.612686
qwen3,phase291,L3,attn,6912.000000,7.388588,1.237682,4.711065,10.865334
qwen3,phase291,L3,mlp,6912.000000,15.569788,3.694062,8.498756,25.663465
qwen3,phase291,L3,resid,2880.000000,97.615602,26.600373,54.312206,160.271942
qwen3,phase291,L4,attn,10368.000000,8.979725,1.693483,5.102473,12.949713
qwen3,phase291,L4,mlp,10368.000000,25.232957,3.332723,17.696423,32.592678
qwen3,phase291,L4,resid,4320.000000,105.536213,26.067984,61.185940,168.243759
qwen3,phase291,L5,attn,6912.000000,12.874386,2.164912,7.967934,18.739719
qwen3,phase291,L5,mlp,6912.000000,35.651419,4.542441,24.593941,48.983597
qwen3,phase291,L5,resid,2880.000000,105.163705,25.263120,55.030334,166.912354
qwen3,phase291,L6,attn,6912.000000,70.784664,22.041803,29.563938,120.398865
qwen3,phase291,L6,mlp,6912.000000,7727.971000,1260.269631,6471.188965,11277.563477
qwen3,phase291,L6,resid,2880.000000,7728.088231,1260.387515,6471.171387,11277.943359
qwen3,phase291,L7,attn,6912.000000,14.527195,3.178256,7.374919,22.132311
qwen3,phase291,L7,mlp,6912.000000,37.111903,5.929581,22.664572,50.095207
qwen3,phase291,L7,resid,2880.000000,7728.006843,1260.374826,6471.059082,11277.917969
qwen3,phase291,L8,attn,6912.000000,21.524438,4.148731,12.049870,31.887436
qwen3,phase291,L8,mlp,6912.000000,48.810360,7.410532,30.634974,69.476517
qwen3,phase291,L8,resid,2880.000000,7728.176700,1260.348606,6471.166992,11278.102539
