subtype,and_or,by_phrase,casual,causal,center_embedding,complement_clause,concise,conditional,contrast,dative_passive,deep_complement,deictic_switch,double_relative,en_fr_phrase,en_fr_word,en_zh_phrase,en_zh_word,existential_no,formal,future_will,get_passive,he_coref,inference,it_coref,lexical_not_adj,long_passive,morphological_neg,negated_condition,nested_condition,nested_contrast,nested_passive,never,no_agent,past_simple,perfect,poetic,possessive_chain,pp_chain,progressive,relative_clause,scope_quantifier,she_coref,syntactic_do_not,target_language_switch,they_coref
and_or,1.000000,0.908550,0.895657,0.981038,0.784899,0.891605,0.547370,0.974689,0.979889,0.935502,0.742570,0.914245,0.853190,0.910766,0.891124,0.869040,0.900922,0.941537,0.865493,0.876148,0.863793,0.865091,0.974131,0.754835,0.917460,0.863467,0.992643,0.857277,0.772982,0.719697,0.829273,0.949550,0.965781,0.919397,0.874125,0.885740,0.879497,0.903908,0.876127,0.882138,0.941799,0.917676,0.854268,0.893845,0.881344
by_phrase,0.908550,1.000000,0.796418,0.925740,0.902363,0.962184,0.410862,0.936609,0.912719,0.973228,0.760555,0.880732,0.755442,0.885540,0.904020,0.906746,0.890607,0.964145,0.887096,0.907981,0.943907,0.834224,0.917313,0.643738,0.983157,0.915890,0.908427,0.908006,0.878745,0.805621,0.914959,0.979928,0.910535,0.875497,0.907005,0.887020,0.927780,0.966443,0.917513,0.910413,0.981352,0.839979,0.972511,0.832676,0.775316
casual,0.895657,0.796418,1.000000,0.882623,0.794777,0.795195,0.728061,0.877185,0.885368,0.850441,0.828706,0.937719,0.947568,0.927205,0.893601,0.873308,0.933926,0.837981,0.906609,0.894683,0.799325,0.897644,0.887846,0.891444,0.812563,0.890011,0.899576,0.889391,0.793951,0.774323,0.851195,0.835825,0.865818,0.940979,0.893507,0.916660,0.807565,0.814514,0.890859,0.812317,0.831365,0.976077,0.738934,0.961857,0.983341
causal,0.981038,0.925740,0.882623,1.000000,0.794346,0.893239,0.502961,0.982558,0.989937,0.950888,0.735602,0.916141,0.832956,0.916092,0.906445,0.887323,0.916119,0.946073,0.866661,0.891518,0.874476,0.874395,0.986240,0.715578,0.934702,0.877682,0.989392,0.855712,0.778543,0.717565,0.839587,0.958672,0.983294,0.928220,0.889607,0.894440,0.887851,0.913038,0.889931,0.881374,0.951683,0.913842,0.873231,0.896606,0.862720
center_embedding,0.784899,0.902363,0.794777,0.794346,1.000000,0.890171,0.416596,0.810228,0.777248,0.870039,0.828202,0.898482,0.741353,0.884670,0.913425,0.924304,0.887828,0.868348,0.911386,0.926274,0.873956,0.830346,0.792040,0.652941,0.883440,0.961420,0.778255,0.956705,0.953325,0.886554,0.958232,0.875200,0.774825,0.871616,0.929128,0.917772,0.850464,0.883609,0.938113,0.814344,0.888991,0.833509,0.923695,0.825298,0.770432
complement_clause,0.891605,0.962184,0.795195,0.893239,0.890171,1.000000,0.456346,0.911559,0.882987,0.954047,0.790340,0.850317,0.769840,0.848215,0.865384,0.862288,0.849786,0.953448,0.875494,0.882171,0.957960,0.801474,0.892476,0.675881,0.963742,0.895676,0.882424,0.897156,0.876219,0.827661,0.897329,0.957503,0.884837,0.842008,0.877054,0.870975,0.920603,0.962630,0.888080,0.928806,0.961580,0.822334,0.951335,0.811940,0.772928
concise,0.547370,0.410862,0.728061,0.502961,0.416596,0.456346,1.000000,0.482483,0.518326,0.476033,0.569511,0.557646,0.725208,0.515397,0.455507,0.453042,0.545322,0.482234,0.567834,0.488609,0.460294,0.504762,0.524859,0.840602,0.430858,0.497730,0.546948,0.525181,0.440792,0.467290,0.452149,0.456673,0.480667,0.526155,0.484460,0.547720,0.475895,0.472320,0.484176,0.504294,0.442804,0.652094,0.377526,0.620170,0.750068
conditional,0.974689,0.936609,0.877185,0.982558,0.810228,0.911559,0.482483,1.000000,0.978564,0.963924,0.756772,0.906166,0.836179,0.914946,0.905486,0.878322,0.907899,0.952394,0.870325,0.890576,0.901630,0.876030,0.982284,0.711864,0.943562,0.885379,0.979909,0.868429,0.796105,0.756313,0.863760,0.965356,0.972573,0.924604,0.887788,0.891647,0.900083,0.923297,0.890681,0.909248,0.960161,0.906272,0.882710,0.897805,0.857397
contrast,0.979889,0.912719,0.885368,0.989937,0.777248,0.882987,0.518326,0.978564,1.000000,0.944524,0.722166,0.909997,0.843499,0.911172,0.895358,0.873244,0.907448,0.941243,0.856265,0.887334,0.862826,0.872301,0.988545,0.724678,0.923681,0.866845,0.983418,0.849912,0.767875,0.704684,0.824383,0.949213,0.989737,0.925974,0.884618,0.885685,0.871673,0.907107,0.883026,0.879767,0.944620,0.915037,0.855234,0.896769,0.867066
dative_passive,0.935502,0.973228,0.850441,0.950888,0.870039,0.954047,0.476033,0.963924,0.944524,1.000000,0.799644,0.893592,0.820991,0.899051,0.900965,0.888665,0.899631,0.961190,0.897192,0.909618,0.950445,0.869678,0.953176,0.706483,0.970962,0.915113,0.936563,0.903063,0.858876,0.815961,0.903408,0.975315,0.943695,0.896481,0.908175,0.899448,0.932930,0.971928,0.911154,0.935033,0.971875,0.877344,0.939394,0.871990,0.833482
deep_complement,0.742570,0.760555,0.828706,0.735602,0.828202,0.790340,0.569511,0.756772,0.722166,0.799644,1.000000,0.802031,0.831859,0.795989,0.791181,0.778516,0.813226,0.754487,0.857191,0.812842,0.836989,0.776972,0.746734,0.776893,0.767590,0.851009,0.731482,0.842748,0.860702,0.927235,0.835570,0.763582,0.722827,0.793232,0.809660,0.880397,0.866037,0.825979,0.814813,0.805540,0.771208,0.805529,0.761222,0.833408,0.850953
deictic_switch,0.914245,0.880732,0.937719,0.916141,0.898482,0.850317,0.557646,0.906166,0.909997,0.893592,0.802031,1.000000,0.874407,0.977532,0.967804,0.962051,0.972839,0.898257,0.933562,0.954719,0.827812,0.928476,0.909120,0.771048,0.877681,0.959063,0.914290,0.941462,0.867708,0.798693,0.921929,0.899174,0.899502,0.984221,0.953836,0.960416,0.829430,0.868158,0.958968,0.815511,0.898015,0.971185,0.840916,0.939411,0.913160
double_relative,0.853190,0.755442,0.947568,0.832956,0.741353,0.769840,0.725208,0.836179,0.843499,0.820991,0.831859,0.874407,1.000000,0.883903,0.841695,0.810455,0.882128,0.796329,0.889755,0.865387,0.768708,0.849328,0.847015,0.879589,0.774946,0.843891,0.846384,0.846885,0.764142,0.765753,0.814418,0.797137,0.834619,0.883732,0.855244,0.886519,0.782259,0.803278,0.856421,0.822514,0.785517,0.932057,0.694531,0.924215,0.956458
en_fr_phrase,0.910766,0.885540,0.927205,0.916092,0.884670,0.848215,0.515397,0.914946,0.911172,0.899051,0.795989,0.977532,0.883903,1.000000,0.982753,0.962547,0.981516,0.891584,0.941170,0.964833,0.834568,0.936236,0.904178,0.750973,0.891686,0.951908,0.913364,0.933381,0.865697,0.800182,0.927542,0.905769,0.905314,0.984766,0.963529,0.957930,0.836062,0.867841,0.967673,0.833263,0.902401,0.965730,0.832094,0.946695,0.904417
en_fr_word,0.891124,0.904020,0.893601,0.906445,0.913425,0.865384,0.455507,0.905486,0.895358,0.900965,0.791181,0.967804,0.841695,0.982753,1.000000,0.975011,0.975938,0.895169,0.943494,0.971861,0.847977,0.911305,0.889567,0.712300,0.907355,0.964892,0.894594,0.945243,0.891701,0.815897,0.943776,0.914403,0.895423,0.974873,0.971543,0.958583,0.847370,0.880368,0.976521,0.833947,0.913601,0.941983,0.858046,0.924007,0.865811
en_zh_phrase,0.869040,0.906746,0.873308,0.887323,0.924304,0.862288,0.453042,0.878322,0.873244,0.888665,0.778516,0.962051,0.810455,0.962547,0.975011,1.000000,0.970662,0.896911,0.934882,0.965797,0.838356,0.900961,0.871146,0.696734,0.895779,0.960749,0.872866,0.942501,0.903443,0.799479,0.938021,0.905933,0.870757,0.955394,0.965626,0.950470,0.834593,0.876304,0.974855,0.805905,0.908061,0.922031,0.872193,0.902988,0.840752
en_zh_word,0.900922,0.890607,0.933926,0.916119,0.887828,0.849786,0.545322,0.907899,0.907448,0.899631,0.813226,0.972839,0.882128,0.981516,0.975938,0.970662,1.000000,0.886907,0.958140,0.970069,0.835781,0.929247,0.903306,0.776361,0.893450,0.956178,0.909752,0.947364,0.873761,0.801012,0.924371,0.909165,0.901007,0.979283,0.968958,0.959804,0.845849,0.869442,0.972163,0.820787,0.903543,0.965421,0.836225,0.960443,0.916492
existential_no,0.941537,0.964145,0.837981,0.946073,0.868348,0.953448,0.482234,0.952394,0.941243,0.961190,0.754487,0.898257,0.796329,0.891584,0.895169,0.896911,0.886907,1.000000,0.881444,0.899603,0.921118,0.843705,0.946577,0.688994,0.965341,0.902716,0.939664,0.894722,0.849037,0.781402,0.884897,0.972793,0.934299,0.893322,0.894299,0.896872,0.909260,0.956250,0.904958,0.909391,0.968752,0.870450,0.941267,0.851534,0.814046
formal,0.865493,0.887096,0.906609,0.866661,0.911386,0.875494,0.567834,0.870325,0.856265,0.897192,0.857191,0.933562,0.889755,0.941170,0.943494,0.934882,0.958140,0.881444,1.000000,0.960759,0.866205,0.891790,0.863414,0.816466,0.893280,0.958189,0.859488,0.966981,0.898777,0.863216,0.936573,0.907166,0.857583,0.931947,0.957722,0.956151,0.863007,0.889763,0.961720,0.855086,0.888827,0.935565,0.850372,0.945492,0.904417
future_will,0.876148,0.907981,0.894683,0.891518,0.926274,0.882171,0.488609,0.890576,0.887334,0.909618,0.812842,0.954719,0.865387,0.964833,0.971861,0.965797,0.970069,0.899603,0.960759,1.000000,0.854718,0.908883,0.882573,0.741655,0.910171,0.969375,0.877346,0.957648,0.912673,0.836174,0.944209,0.920462,0.890850,0.960187,0.997370,0.965498,0.855535,0.894611,0.996058,0.849831,0.917233,0.938266,0.871676,0.930670,0.875695
get_passive,0.863793,0.943907,0.799325,0.874476,0.873956,0.957960,0.460294,0.901630,0.862826,0.950445,0.836989,0.827812,0.768708,0.834568,0.847977,0.838356,0.835781,0.921118,0.866205,0.854718,1.000000,0.792964,0.881983,0.687716,0.947072,0.887684,0.854827,0.877121,0.866890,0.874714,0.892502,0.931961,0.865279,0.824812,0.852853,0.866698,0.957435,0.958075,0.861670,0.943396,0.936052,0.807495,0.934365,0.816508,0.783583
he_coref,0.865091,0.834224,0.897644,0.874395,0.830346,0.801474,0.504762,0.876030,0.872301,0.869678,0.776972,0.928476,0.849328,0.936236,0.911305,0.900961,0.929247,0.843705,0.891790,0.908883,0.792964,1.000000,0.872972,0.738603,0.835971,0.907218,0.869719,0.889086,0.823733,0.769528,0.889006,0.855454,0.862549,0.941821,0.907115,0.908472,0.791575,0.814956,0.906270,0.796871,0.853357,0.924492,0.779342,0.920286,0.880546
inference,0.974131,0.917313,0.887846,0.986240,0.792040,0.892476,0.524859,0.982284,0.988545,0.953176,0.746734,0.909120,0.847015,0.904178,0.889567,0.871146,0.903306,0.946577,0.863414,0.882573,0.881983,0.872972,1.000000,0.732358,0.925966,0.877037,0.978194,0.856738,0.779617,0.735252,0.840562,0.949408,0.977951,0.919673,0.879662,0.891036,0.886705,0.920348,0.880947,0.891871,0.944061,0.911034,0.870047,0.896114,0.869938
it_coref,0.754835,0.643738,0.891444,0.715578,0.652941,0.675881,0.840602,0.711864,0.724678,0.706483,0.776893,0.771048,0.879589,0.750973,0.712300,0.696734,0.776361,0.688994,0.816466,0.741655,0.687716,0.738603,0.732358,1.000000,0.666187,0.734539,0.744007,0.764290,0.672304,0.706051,0.692696,0.696941,0.707203,0.761229,0.741819,0.780094,0.710673,0.699612,0.736516,0.725203,0.678998,0.848904,0.597978,0.852775,0.915441
lexical_not_adj,0.917460,0.983157,0.812563,0.934702,0.883440,0.963742,0.430858,0.943562,0.923681,0.970962,0.767590,0.877681,0.774946,0.891686,0.907355,0.895779,0.893450,0.965341,0.893280,0.910171,0.947072,0.835971,0.925966,0.666187,1.000000,0.914427,0.916797,0.899918,0.875573,0.810742,0.901704,0.981221,0.927045,0.881434,0.908432,0.894416,0.939839,0.963135,0.913865,0.925745,0.982412,0.848468,0.953134,0.845349,0.789248
long_passive,0.863467,0.915890,0.890011,0.877682,0.961420,0.895676,0.497730,0.885379,0.866845,0.915113,0.851009,0.959063,0.843891,0.951908,0.964892,0.960749,0.956178,0.902716,0.958189,0.969375,0.887684,0.907218,0.877037,0.734539,0.914427,1.000000,0.862009,0.972515,0.937665,0.879606,0.969930,0.915651,0.865828,0.950122,0.968829,0.969903,0.876069,0.904672,0.975571,0.861330,0.915871,0.923173,0.898774,0.916550,0.868744
morphological_neg,0.992643,0.908427,0.899576,0.989392,0.778255,0.882424,0.546948,0.979909,0.983418,0.936563,0.731482,0.914290,0.846384,0.913364,0.894594,0.872866,0.909752,0.939664,0.859488,0.877346,0.854827,0.869719,0.978194,0.744007,0.916797,0.862009,1.000000,0.852480,0.760034,0.702489,0.824474,0.947369,0.970011,0.924655,0.876639,0.882477,0.870149,0.895045,0.876601,0.867648,0.941589,0.921626,0.849662,0.897121,0.879976
negated_condition,0.857277,0.908006,0.889391,0.855712,0.956705,0.897156,0.525181,0.868429,0.849912,0.903063,0.842748,0.941462,0.846885,0.933381,0.945243,0.942501,0.947364,0.894722,0.966981,0.957648,0.877121,0.889086,0.856738,0.764290,0.899918,0.972515,0.852480,1.000000,0.926049,0.866601,0.960532,0.905855,0.843221,0.931726,0.957436,0.945690,0.856562,0.895197,0.964031,0.838996,0.904632,0.918080,0.888459,0.915638,0.872043
nested_condition,0.772982,0.878745,0.793951,0.778543,0.953325,0.876219,0.440792,0.796105,0.767875,0.858876,0.860702,0.867708,0.764142,0.865697,0.891701,0.903443,0.873761,0.849037,0.898777,0.912673,0.866890,0.823733,0.779617,0.672304,0.875573,0.937665,0.760034,0.926049,1.000000,0.900826,0.939495,0.857548,0.767625,0.854009,0.910424,0.916469,0.859464,0.880358,0.921718,0.829523,0.871861,0.817918,0.884945,0.829513,0.778099
nested_contrast,0.719697,0.805621,0.774323,0.717565,0.886554,0.827661,0.467290,0.756313,0.704684,0.815961,0.927235,0.798693,0.765753,0.800182,0.815897,0.799479,0.801012,0.781402,0.863216,0.836174,0.874714,0.769528,0.735252,0.706051,0.810742,0.879606,0.702489,0.866601,0.900826,1.000000,0.877661,0.796596,0.711925,0.788780,0.832780,0.884037,0.872884,0.858342,0.841424,0.851275,0.807578,0.771163,0.815876,0.808351,0.782401
nested_passive,0.829273,0.914959,0.851195,0.839587,0.958232,0.897329,0.452149,0.863760,0.824383,0.903408,0.835570,0.921929,0.814418,0.927542,0.943776,0.938021,0.924371,0.884897,0.936573,0.944209,0.892502,0.889006,0.840562,0.692696,0.901704,0.969930,0.824474,0.960532,0.939495,0.877661,1.000000,0.899168,0.821685,0.916031,0.942646,0.935313,0.859934,0.893983,0.953686,0.854665,0.900643,0.881282,0.897694,0.876667,0.825992
never,0.949550,0.979928,0.835825,0.958672,0.875200,0.957503,0.456673,0.965356,0.949213,0.975315,0.763582,0.899174,0.797137,0.905769,0.914403,0.905933,0.909165,0.972793,0.907166,0.920462,0.931961,0.855454,0.949408,0.696941,0.981221,0.915651,0.947369,0.905855,0.857548,0.796596,0.899168,1.000000,0.948377,0.905199,0.917457,0.905067,0.927599,0.958042,0.922714,0.926713,0.988842,0.879045,0.943364,0.877985,0.819496
no_agent,0.965781,0.910535,0.865818,0.983294,0.774825,0.884837,0.480667,0.972573,0.989737,0.943695,0.722827,0.899502,0.834619,0.905314,0.895423,0.870757,0.901007,0.934299,0.857583,0.890850,0.865279,0.862549,0.977951,0.707203,0.927045,0.865828,0.970011,0.843221,0.767625,0.711925,0.821685,0.948377,1.000000,0.918254,0.887181,0.884738,0.875495,0.909591,0.884484,0.885945,0.943097,0.902147,0.852712,0.890275,0.848241
past_simple,0.919397,0.875497,0.940979,0.928220,0.871616,0.842008,0.526155,0.924604,0.925974,0.896481,0.793232,0.984221,0.883732,0.984766,0.974873,0.955394,0.979283,0.893322,0.931947,0.960187,0.824812,0.941821,0.919673,0.761229,0.881434,0.950122,0.924655,0.931726,0.854009,0.788780,0.916031,0.905199,0.918254,1.000000,0.958407,0.960353,0.827465,0.856229,0.959758,0.826327,0.900590,0.976104,0.820048,0.959179,0.916840
perfect,0.874125,0.907005,0.893507,0.889607,0.929128,0.877054,0.484460,0.887788,0.884618,0.908175,0.809660,0.953836,0.855244,0.963529,0.971543,0.965626,0.968958,0.894299,0.957722,0.997370,0.852853,0.907115,0.879662,0.741819,0.908432,0.968829,0.876639,0.957436,0.910424,0.832780,0.942646,0.917457,0.887181,0.958407,1.000000,0.960191,0.853551,0.891003,0.994765,0.842436,0.915979,0.936643,0.872653,0.926380,0.873371
poetic,0.885740,0.887020,0.916660,0.894440,0.917772,0.870975,0.547720,0.891647,0.885685,0.899448,0.880397,0.960416,0.886519,0.957930,0.958583,0.950470,0.959804,0.896872,0.956151,0.965498,0.866698,0.908472,0.891036,0.780094,0.894416,0.969903,0.882477,0.945690,0.916469,0.884037,0.935313,0.905067,0.884738,0.960353,0.960191,1.000000,0.883890,0.897707,0.966128,0.867795,0.903509,0.943075,0.859617,0.942658,0.908267
possessive_chain,0.879497,0.927780,0.807565,0.887851,0.850464,0.920603,0.475895,0.900083,0.871673,0.932930,0.866037,0.829430,0.782259,0.836062,0.847370,0.834593,0.845849,0.909260,0.863007,0.855535,0.957435,0.791575,0.886705,0.710673,0.939839,0.876069,0.870149,0.856562,0.859464,0.872884,0.859934,0.927599,0.875495,0.827465,0.853551,0.883890,1.000000,0.948053,0.858115,0.936246,0.929266,0.809636,0.917506,0.828463,0.805757
pp_chain,0.903908,0.966443,0.814514,0.913038,0.883609,0.962630,0.472320,0.923297,0.907107,0.971928,0.825979,0.868158,0.803278,0.867841,0.880368,0.876304,0.869442,0.956250,0.889763,0.894611,0.958075,0.814956,0.920348,0.699612,0.963135,0.904672,0.895045,0.895197,0.880358,0.858342,0.893983,0.958042,0.909591,0.856229,0.891003,0.897707,0.948053,1.000000,0.900008,0.937268,0.959392,0.841042,0.953536,0.836624,0.805136
progressive,0.876127,0.917513,0.890859,0.889931,0.938113,0.888080,0.484176,0.890681,0.883026,0.911154,0.814813,0.958968,0.856421,0.967673,0.976521,0.974855,0.972163,0.904958,0.961720,0.996058,0.861670,0.906270,0.880947,0.736516,0.913865,0.975571,0.876601,0.964031,0.921718,0.841424,0.953686,0.922714,0.884484,0.959758,0.994765,0.966128,0.858115,0.900008,1.000000,0.848640,0.920236,0.934881,0.884169,0.925498,0.871376
relative_clause,0.882138,0.910413,0.812317,0.881374,0.814344,0.928806,0.504294,0.909248,0.879767,0.935033,0.805540,0.815511,0.822514,0.833263,0.833947,0.805905,0.820787,0.909391,0.855086,0.849831,0.943396,0.796871,0.891871,0.725203,0.925745,0.861330,0.867648,0.838996,0.829523,0.851275,0.854665,0.926713,0.885945,0.826327,0.842436,0.867795,0.936246,0.937268,0.848640,1.000000,0.924808,0.819371,0.881439,0.831934,0.804786
scope_quantifier,0.941799,0.981352,0.831365,0.951683,0.888991,0.961580,0.442804,0.960161,0.944620,0.971875,0.771208,0.898015,0.785517,0.902401,0.913601,0.908061,0.903543,0.968752,0.888827,0.917233,0.936052,0.853357,0.944061,0.678998,0.982412,0.915871,0.941589,0.904632,0.871861,0.807578,0.900643,0.988842,0.943097,0.900590,0.915979,0.903509,0.929266,0.959392,0.920236,0.924808,1.000000,0.869682,0.950003,0.863858,0.807287
she_coref,0.917676,0.839979,0.976077,0.913842,0.833509,0.822334,0.652094,0.906272,0.915037,0.877344,0.805529,0.971185,0.932057,0.965730,0.941983,0.922031,0.965421,0.870450,0.935565,0.938266,0.807495,0.924492,0.911034,0.848904,0.848468,0.923173,0.921626,0.918080,0.817918,0.771163,0.881282,0.879045,0.902147,0.976104,0.936643,0.943075,0.809636,0.841042,0.934881,0.819371,0.869682,1.000000,0.777824,0.972201,0.962102
syntactic_do_not,0.854268,0.972511,0.738934,0.873231,0.923695,0.951335,0.377526,0.882710,0.855234,0.939394,0.761222,0.840916,0.694531,0.832094,0.858046,0.872193,0.836225,0.941267,0.850372,0.871676,0.934365,0.779342,0.870047,0.597978,0.953134,0.898774,0.849662,0.888459,0.884945,0.815876,0.897694,0.943364,0.852712,0.820048,0.872653,0.859617,0.917506,0.953536,0.884169,0.881439,0.950003,0.777824,1.000000,0.770227,0.717248
target_language_switch,0.893845,0.832676,0.961857,0.896606,0.825298,0.811940,0.620170,0.897805,0.896769,0.871990,0.833408,0.939411,0.924215,0.946695,0.924007,0.902988,0.960443,0.851534,0.945492,0.930670,0.816508,0.920286,0.896114,0.852775,0.845349,0.916550,0.897121,0.915638,0.829513,0.808351,0.876667,0.877985,0.890275,0.959179,0.926380,0.942658,0.828463,0.836624,0.925498,0.831934,0.863858,0.972201,0.770227,1.000000,0.962898
they_coref,0.881344,0.775316,0.983341,0.862720,0.770432,0.772928,0.750068,0.857397,0.867066,0.833482,0.850953,0.913160,0.956458,0.904417,0.865811,0.840752,0.916492,0.814046,0.904417,0.875695,0.783583,0.880546,0.869938,0.915441,0.789248,0.868744,0.879976,0.872043,0.778099,0.782401,0.825992,0.819496,0.848241,0.916840,0.873371,0.908267,0.805757,0.805136,0.871376,0.804786,0.807287,0.962102,0.717248,0.962898,1.000000
