model,category,subtype,features,p290_both_best,p291_both_best,p290_cross_max_drop,p291_cross_max_drop,p291_best_block_width
qwen3,logical,and_or,90,0.9869959829471936,1.0049261469414366,0.9356578349608625,0.9356551210461146,9.0
qwen3,passive,by_phrase,90,0.9059924318345384,0.9059924318345384,0.46837333892305744,0.6299886358636655,1.0
qwen3,logical,causal,90,1.006708854057719,1.006708854057719,0.9892079270709804,0.9892079270709804,1.0
qwen3,recursive,complement_clause,90,0.5039462295654581,0.6730014186070691,0.2666960080272179,0.4263994598467248,9.0
qwen3,logical,conditional,90,0.9895240769284525,1.0052787241760488,0.895576755632431,0.9652206721182618,5.0
qwen3,logical,contrast,90,1.0176787314789553,1.0176787314789553,0.9634559799831104,1.0208538380786665,1.0
qwen3,passive,dative_passive,90,0.7991386689158219,0.807408531010974,0.47757587541014535,0.642237268915423,5.0
qwen3,negation,existential_no,90,0.9224946773614467,0.9297120265442952,0.6864451723877005,0.6864451723877005,9.0
qwen3,passive,get_passive,90,0.7395287373981496,0.7959563793217941,0.30765306702438383,0.47569153728760677,5.0
qwen3,logical,inference,90,0.9955834914398739,1.015746525986355,0.9715440444006339,0.994369591207818,9.0
qwen3,negation,lexical_not_adj,90,0.853074936721352,0.8808370748328295,0.5731041959545055,0.7722220386322841,5.0
qwen3,negation,morphological_neg,90,0.9872462966431383,0.9903663202496885,0.950761910887086,0.965916955749526,5.0
qwen3,negation,never,90,0.952260561874366,0.9569120525885304,0.6138148722788928,0.7871146847594208,9.0
qwen3,passive,no_agent,90,1.0105219908684888,1.0105219908684888,0.9721496128886071,1.0335276826278332,1.0
qwen3,recursive,possessive_chain,90,0.8243345015933571,0.8485194097429745,0.5562088252558318,0.5513172342466809,3.0
qwen3,recursive,pp_chain,90,0.6238683875316866,0.6688846264668622,0.3440990705957184,0.4697578114839991,9.0
qwen3,recursive,relative_clause,90,0.48253585382838604,0.7431078736773449,0.2725279158389144,0.45345380649359696,9.0
qwen3,negation,scope_quantifier,90,0.9524824200512482,0.9755898287705884,0.46198385966438427,0.6816994613622931,9.0
qwen3,negation,syntactic_do_not,90,0.606673074932275,0.807212518352421,0.27440081891337587,0.5307291347205052,5.0
glm4,logical,and_or,95,0.597785997345375,1.0004937472041573,0.5976412945302658,0.9759720960440913,3.0
glm4,passive,by_phrase,95,1.0241433650485767,1.0276362573480846,1.0302327940940474,1.0341691554807484,3.0
glm4,logical,causal,95,0.998637607540401,1.0007785846919457,0.9955099899292964,0.9955099899292964,3.0
glm4,recursive,complement_clause,95,0.9685581410244607,1.0189978580700203,0.9415642227422253,0.9452411010196109,9.0
glm4,logical,conditional,95,0.9743066363274338,0.9998613171254676,0.9719646505577778,0.977315136685095,9.0
glm4,logical,contrast,95,1.0039548145555341,1.0039548145555341,0.9993212497060263,0.9993212497060263,1.0
glm4,passive,dative_passive,95,1.1063657418148212,1.1168089873437403,1.103421959079786,1.103421959079786,2.0
glm4,negation,existential_no,95,0.9821673628926173,1.000565002124237,0.9834678728648545,0.9834678728648545,9.0
glm4,passive,get_passive,95,1.0644575461993508,1.0644575461993508,1.0681567534972534,1.0681567534972534,1.0
glm4,logical,inference,95,1.0004822413958423,1.00222087842153,0.9974467218697244,0.9974467218697244,3.0
glm4,negation,lexical_not_adj,95,0.9872664951926352,0.9905678695730029,0.9584861031693878,0.9584861031693878,3.0
glm4,negation,morphological_neg,95,0.9769188484514871,0.9977586233211347,0.9816137799147328,0.9816137799147328,5.0
glm4,negation,never,95,0.9693674295133704,0.9990772929932247,0.9189391123966284,0.9377859015592069,9.0
glm4,passive,no_agent,95,0.9875794319648163,0.998913105561375,0.9856104542421492,0.9856104542421492,5.0
glm4,recursive,possessive_chain,95,0.8303720775380422,0.8944972190668701,0.8302397889130907,0.8461912729894899,9.0
glm4,recursive,pp_chain,95,0.8608546651206349,0.8739196823897865,0.8448735493847723,0.8181959690551684,5.0
glm4,recursive,relative_clause,95,0.951972209392282,0.9721305405497106,0.9375595679457538,0.9600451958012521,2.0
glm4,negation,scope_quantifier,95,0.9195537704297534,0.9457748777875036,0.7576116100535455,0.7705418018367184,9.0
glm4,negation,syntactic_do_not,95,0.9404546290563565,1.0208370139649245,0.9711033297691093,0.9917779650275276,3.0
deepseek7b,logical,and_or,88,0.6251730272183865,0.9083404084120079,0.5420656408602157,0.7624767355965946,8.0
deepseek7b,passive,by_phrase,88,0.6172744377920915,0.912386007954113,0.683549275708245,0.9569823066856893,8.0
deepseek7b,logical,causal,88,0.7178756211350068,0.9146084813377573,0.6176477858274336,0.7738717865912061,8.0
deepseek7b,recursive,complement_clause,88,0.8604012843740471,0.8846309264723927,0.941116732188259,0.9728625949238898,8.0
deepseek7b,logical,conditional,88,0.8924721961001598,0.9880255955591393,0.7867166890124739,0.6892004886638472,8.0
deepseek7b,logical,contrast,88,0.6878186147684926,0.9187381594935933,0.43996649539680144,0.6436041919859481,8.0
deepseek7b,passive,dative_passive,88,0.7578919345791189,1.0023833095519665,0.8093284809184815,0.9862329776916774,8.0
deepseek7b,negation,existential_no,88,0.39790895157398415,0.8345519023512438,0.5918783384863977,0.8424675274171622,8.0
deepseek7b,passive,get_passive,88,0.7464944952213146,0.9840462445275814,0.7584133317630207,0.9544703249278345,8.0
deepseek7b,logical,inference,88,0.8775104609119733,0.9331559340612532,0.6847341764388435,0.7168882359377741,8.0
deepseek7b,negation,lexical_not_adj,88,0.30464105553088916,0.8173257510148081,0.16976475156485688,0.6016339674044795,8.0
deepseek7b,negation,morphological_neg,88,0.29105040237755475,0.7562396796478397,0.2863510879341193,0.7136798174598464,8.0
deepseek7b,negation,never,88,0.6374098325749399,0.880491076030291,0.5796449266078602,0.7851356989137352,8.0
deepseek7b,passive,no_agent,88,0.8747280217686481,1.0084058138664709,0.3111902811464059,0.4188438135317448,8.0
deepseek7b,recursive,possessive_chain,88,0.59038423183037,0.9013606773866447,0.5682041883081959,0.8548733628170629,8.0
deepseek7b,recursive,pp_chain,88,0.916978599502976,0.9956830406154039,0.9553333169552299,1.0240666069924262,8.0
deepseek7b,recursive,relative_clause,88,0.5068084905433118,0.8734145806958498,0.49343507920436824,0.8230558493386304,8.0
deepseek7b,negation,scope_quantifier,88,0.6277450824623694,0.8818408812492411,0.5961764640361803,0.6845656882278167,8.0
deepseek7b,negation,syntactic_do_not,88,0.6541152715682962,0.9539360389288467,0.6336710904278735,0.8748167167134685,8.0
