model,a,b,category_a,category_b,same_category,raw_similarity,model_centered_similarity,category_centered_similarity,group_normalized_similarity,zscore_model_similarity,min_residual_similarity,label
qwen3,dative_passive,possessive_chain,passive,recursive,False,0.9481815921745104,0.570551612127082,-0.18892865844317397,0.9660885272840919,0.19596307892313553,-0.18892865844317397,category_shape_candidate
qwen3,lexical_not_adj,pp_chain,negation,recursive,False,0.9404115735098474,0.23822386361163175,-0.2318767866339183,0.9319181893424546,-0.0034620555564889043,-0.2318767866339183,category_shape_candidate
qwen3,get_passive,lexical_not_adj,passive,negation,False,0.9384947413455029,0.34983563537085827,-0.3190601400253839,0.9501107169441411,0.5536731995654569,-0.3190601400253839,category_shape_candidate
qwen3,lexical_not_adj,never,negation,negation,True,0.9033707322016377,0.34123113800317784,-0.12141360152177375,0.9423531043586985,0.4399623810939279,-0.12141360152177375,category_shape_candidate
qwen3,complement_clause,pp_chain,recursive,recursive,True,0.9024322989899531,0.41941800589264644,-0.4180800231174456,0.95022238600341,0.7335892005590956,-0.4180800231174456,category_shape_candidate
qwen3,lexical_not_adj,relative_clause,negation,recursive,False,0.9310551868594548,0.0941600434443768,-0.25635323816186556,0.9571075528159823,0.02654835701396216,-0.25635323816186556,model_shape_candidate
qwen3,and_or,possessive_chain,logical,recursive,False,0.9003011481686181,-0.1074299578544267,-0.3553085240294398,0.856305567747962,-0.5843740943039972,-0.3553085240294398,model_shape_candidate
qwen3,pp_chain,relative_clause,recursive,recursive,True,0.9519446817327281,0.6636650822815137,0.17039252844523398,0.9737393957763861,0.8438218210412834,0.17039252844523398,ordinary
qwen3,dative_passive,lexical_not_adj,passive,negation,False,0.9394572982755769,0.36300942149281673,0.3710775564313029,0.9490216527722505,-0.07613290268920438,0.36300942149281673,ordinary
qwen3,morphological_neg,possessive_chain,negation,recursive,False,0.9338705829074813,0.41495311833547965,0.4129060226429155,0.8390647385837097,-0.48003794434991615,0.4129060226429155,ordinary
qwen3,and_or,dative_passive,logical,passive,False,0.9225502167829802,0.2372333388445709,0.3848173322104845,0.9106690541480404,-0.1971639538343324,0.2372333388445709,ordinary
qwen3,never,pp_chain,negation,recursive,False,0.9154893461040878,0.4512972188963279,0.34953085881896395,0.9007240851786775,-0.3868308569629804,0.34953085881896395,ordinary
qwen3,lexical_not_adj,morphological_neg,negation,negation,True,0.9104575203278003,0.4879833072224679,0.6434396726974969,0.8690145129663844,-0.43363108022346486,0.4879833072224679,ordinary
qwen3,conditional,dative_passive,logical,passive,False,0.9091313998850903,0.39364577028041986,0.5496886297732844,0.9056007401703572,0.002636730598362434,0.39364577028041986,ordinary
qwen3,and_or,conditional,logical,logical,True,0.9038688536441712,0.4895146607960139,0.14673553702269326,0.9698708475379031,0.6440717261012064,0.14673553702269326,ordinary
qwen3,and_or,inference,logical,logical,True,0.9029166014206996,0.42025241567365873,0.13909981151950085,0.9614506110143994,0.565434083793703,0.13909981151950085,ordinary
qwen3,get_passive,relative_clause,passive,recursive,False,0.9019351679889047,0.2667031411274758,0.5893073657045454,0.9738303756888337,0.5497694503333187,0.2667031411274758,ordinary
qwen3,and_or,existential_no,logical,negation,False,0.9003184961200752,0.4469209355463092,0.4134646309584113,0.9339505757775349,0.31332986704579224,0.4134646309584113,ordinary
qwen3,lexical_not_adj,possessive_chain,negation,recursive,False,0.8986835007823568,0.12335223505796936,0.512500425637565,0.9469360513331635,0.3943073685553725,0.12335223505796936,ordinary
qwen3,conditional,possessive_chain,logical,recursive,False,0.8966212593136565,0.17587931449956215,-0.12828353771939666,0.839423479396743,-0.44154429174160037,-0.12828353771939666,ordinary
qwen3,get_passive,never,passive,negation,False,0.8965650234215762,0.38525307350133725,0.22989266205150616,0.9309315724893729,0.007084420546032598,0.22989266205150616,ordinary
qwen3,by_phrase,dative_passive,passive,passive,True,0.8823274130091159,0.3807588831478192,-0.419005436782895,0.9287444908363549,-0.020683991623800684,-0.419005436782895,ordinary
qwen3,never,relative_clause,negation,recursive,False,0.8811726643911995,0.22638663197028627,0.12433927495636192,0.9227756964135002,-0.42730493312710227,0.12433927495636192,ordinary
qwen3,existential_no,relative_clause,negation,recursive,False,0.8807598196733127,0.2790637279333582,0.3341869405679432,0.910507228811252,-0.19495704800283806,0.2790637279333582,ordinary
qwen3,pp_chain,syntactic_do_not,recursive,negation,False,0.8807080235370054,0.2090506937323501,-0.6030803622721292,0.9420810232127091,0.620204712472316,-0.6030803622721292,ordinary
qwen3,contrast,dative_passive,logical,passive,False,0.8805666205369834,0.4840273408056882,-0.4345950084393798,0.8499753394819078,-0.16678208161787345,-0.4345950084393798,ordinary
qwen3,existential_no,never,negation,negation,True,0.8787946957413537,0.2760506642355986,0.08033354510278409,0.9292719101713001,0.2865050074236224,0.08033354510278409,ordinary
qwen3,never,scope_quantifier,negation,negation,True,0.8785518737790189,0.5914016160300337,0.33681702792001394,0.9505374253573934,0.5043170684147323,0.33681702792001394,ordinary
qwen3,lexical_not_adj,syntactic_do_not,negation,negation,True,0.8772695828839603,0.208351972339347,-0.018995071705752358,0.9556873650000904,0.2754246045042942,-0.018995071705752358,ordinary
qwen3,dative_passive,relative_clause,passive,recursive,False,0.8734499346338148,-0.35634221140070277,0.49371574541970215,0.9451300070910676,0.25933057983069496,-0.35634221140070277,ordinary
qwen3,complement_clause,lexical_not_adj,recursive,negation,False,0.8668246065889205,0.108249136596196,-0.4113535439596637,0.9513637083917267,0.178330367166973,-0.4113535439596637,ordinary
qwen3,and_or,morphological_neg,logical,negation,False,0.8639469942088609,0.30026649312813525,0.33693636451476544,0.9421714982568096,0.6991111976804033,0.30026649312813525,ordinary
qwen3,dative_passive,pp_chain,passive,recursive,False,0.8638703300177354,-0.3739667042608047,-0.005330808653702094,0.9333390332922571,0.1723274357474663,-0.3739667042608047,ordinary
qwen3,inference,never,logical,negation,False,0.861806627198597,0.23271958350775557,0.7006159334984703,0.881725419432782,0.13328652636874513,0.23271958350775557,ordinary
qwen3,causal,conditional,logical,logical,True,0.8578708275775037,0.4650044991792387,-0.3086417993739517,0.9535128023347123,0.8088382185689857,-0.3086417993739517,ordinary
qwen3,causal,inference,logical,logical,True,0.8577477842296317,0.4136114185927901,-0.3094957134679787,0.9552181947944286,0.7923804673231766,-0.3094957134679787,ordinary
qwen3,and_or,pp_chain,logical,recursive,False,0.8573821722628675,0.1202925349238818,0.5290783956622566,0.8434297779713498,-0.3229447840652429,0.1202925349238818,ordinary
qwen3,and_or,by_phrase,logical,passive,False,0.8523488897795467,-0.22350347590240113,-0.36595699299167006,0.9244891353924942,-0.41837113582597685,-0.36595699299167006,ordinary
qwen3,inference,relative_clause,logical,recursive,False,0.8517673569526402,-0.002460054646534893,0.3862218438205865,0.8063025602132312,-0.5987402320691161,-0.002460054646534893,ordinary
qwen3,conditional,relative_clause,logical,recursive,False,0.8516618749087086,0.12621109400540917,0.4688409111980729,0.8331511903764505,-0.6179994802725378,0.12621109400540917,ordinary
qwen3,existential_no,lexical_not_adj,negation,negation,True,0.8512848306665619,-0.428276815182162,-0.5219770834503971,0.8832739327740657,-0.03357983825482712,-0.5219770834503971,ordinary
qwen3,possessive_chain,relative_clause,recursive,recursive,True,0.8499789001302434,-0.5895067725854685,-0.8177834962337752,0.9334630284130275,0.24124974122759146,-0.8177834962337752,ordinary
qwen3,dative_passive,get_passive,passive,passive,True,0.8495658247356539,-0.359571989382464,0.04678655452179999,0.9455000021236549,0.17899391771004722,-0.359571989382464,ordinary
qwen3,complement_clause,never,recursive,negation,False,0.8486358249746035,0.27569007949835683,0.10633638339657045,0.9111535548527296,-0.33914035860428215,0.10633638339657045,ordinary
qwen3,get_passive,syntactic_do_not,passive,negation,False,0.8481710806556801,0.09257044991582275,-0.06657667996135432,0.9660475547914619,0.7329809223010133,-0.06657667996135432,ordinary
qwen3,conditional,inference,logical,logical,True,0.8477168069228229,0.19700626111628514,-0.43465260185193433,0.9566617833651672,0.7624324305833708,-0.43465260185193433,ordinary
qwen3,and_or,relative_clause,logical,recursive,False,0.8476567684180095,0.053711093025986215,0.21702351287581337,0.855001070775563,-0.39891536646364,0.053711093025986215,ordinary
qwen3,contrast,inference,logical,logical,True,0.8473322984458832,0.11141061569273294,-0.43454969506321944,0.9545681649427147,0.7712232784013262,-0.43454969506321944,ordinary
qwen3,dative_passive,inference,passive,logical,False,0.8464211680350051,-0.24865098734622154,-0.13648882295570555,0.847652525814133,-0.0724203070593884,-0.24865098734622154,ordinary
qwen3,conditional,contrast,logical,logical,True,0.8460182108002335,0.22187247282227468,-0.44312116090063713,0.9617085387140685,0.7715962992591245,-0.44312116090063713,ordinary
qwen3,morphological_neg,pp_chain,negation,recursive,False,0.845506942279719,0.1312708479034027,-0.13828142870274476,0.8167945629587858,-0.3298852838039023,-0.13828142870274476,ordinary
qwen3,by_phrase,get_passive,passive,passive,True,0.840986016516641,-0.19070114305107813,-0.6841811627595298,0.9310419225657254,0.3963792777342856,-0.6841811627595298,ordinary
qwen3,complement_clause,scope_quantifier,recursive,negation,False,0.8394181665923633,0.4559742760104139,0.5017841756589019,0.9201677096381273,0.018278228533770664,0.4559742760104139,ordinary
qwen3,possessive_chain,pp_chain,recursive,recursive,True,0.8377632153713189,-0.5821273526663131,-0.4856071490102811,0.9408192320321688,0.25694817772129785,-0.5821273526663131,ordinary
qwen3,by_phrase,lexical_not_adj,passive,negation,False,0.8376271779461776,0.055044987733984106,0.39173776146096306,0.9004506295622685,0.488343949597946,0.055044987733984106,ordinary
qwen3,conditional,morphological_neg,logical,negation,False,0.8367603778549837,0.2659002084014551,0.49892060046202913,0.9553636663667906,0.6784345530461713,0.2659002084014551,ordinary
qwen3,and_or,lexical_not_adj,logical,negation,False,0.836691382159041,-0.468538933801223,-0.29968526778737936,0.8530251979359809,-0.511945563607353,-0.468538933801223,ordinary
qwen3,morphological_neg,relative_clause,negation,recursive,False,0.8366316081344763,0.061657568466747,-0.1560350980149561,0.8199075130642356,-0.5007908969886449,-0.1560350980149561,ordinary
qwen3,inference,pp_chain,logical,recursive,False,0.8366202814654298,-0.08366799445994126,0.4574732701581988,0.7834702986780725,-0.5848365736756121,-0.08366799445994126,ordinary
qwen3,get_passive,possessive_chain,passive,recursive,False,0.8320869131901029,-0.41829309945241366,-0.8172870281955985,0.9378032757135356,0.36052171908039754,-0.8172870281955985,ordinary
qwen3,complement_clause,get_passive,recursive,passive,False,0.8280087863037073,0.02924780397243459,0.019466027423082594,0.9475067216646947,0.5438363443525348,0.019466027423082594,ordinary
qwen3,and_or,contrast,logical,logical,True,0.8274209694073198,-0.06833167675358429,-0.6502287880841667,0.9406550115482051,0.5540925576014274,-0.6502287880841667,ordinary
qwen3,and_or,get_passive,logical,passive,False,0.8219465210115476,-0.1323115937294358,0.449059144370378,0.876129782552908,-0.5870863552446093,-0.1323115937294358,ordinary
qwen3,contrast,possessive_chain,logical,recursive,False,0.8214936442523958,0.4383407965295256,0.623771366959998,0.7880058128039602,-0.4511542095631265,0.4383407965295256,ordinary
qwen3,get_passive,morphological_neg,passive,negation,False,0.8195296765496903,0.021389199326810875,-0.2536213674304513,0.8300311007300306,-0.7330639933974932,-0.2536213674304513,ordinary
qwen3,by_phrase,morphological_neg,passive,negation,False,0.8192848392590771,0.04772027721997812,0.20013131784677882,0.8671528961227539,-0.43955849215638626,0.04772027721997812,ordinary
qwen3,dative_passive,existential_no,passive,negation,False,0.819150402266849,-0.5757700589982545,-0.057428595296353115,0.8957480469370042,-0.337935757057772,-0.5757700589982545,ordinary
qwen3,pp_chain,scope_quantifier,recursive,negation,False,0.8183635820302283,0.16825395398671172,-0.14236466731062264,0.8841474608634922,-0.2128771899503932,-0.14236466731062264,ordinary
qwen3,by_phrase,existential_no,passive,negation,False,0.8174419118259867,-0.4531512692063849,-0.16923088393458394,0.9270685037910713,-0.04079699239887295,-0.4531512692063849,ordinary
qwen3,get_passive,inference,passive,logical,False,0.8148658319957839,-0.2222957614192678,0.4740956575789513,0.8262365565816003,-0.727908601435981,-0.2222957614192678,ordinary
qwen3,conditional,lexical_not_adj,logical,negation,False,0.8135947104518015,-0.3284720400438385,0.17840820065197704,0.8573839333885696,-0.5038447594780423,-0.3284720400438385,ordinary
qwen3,by_phrase,causal,passive,logical,False,0.8133208290042634,0.513096286357039,0.6862168616905348,0.892786381851145,-0.24781892576891854,0.513096286357039,ordinary
qwen3,inference,lexical_not_adj,logical,negation,False,0.8132421718531122,-0.6473618401498773,-0.7411618227076854,0.7931324591723945,-0.6049682864854153,-0.7411618227076854,ordinary
qwen3,never,syntactic_do_not,negation,negation,True,0.8094297934190856,0.07299813731654356,-0.4184319215106511,0.9215338471914696,-0.2803358101500243,-0.4184319215106511,ordinary
qwen3,contrast,lexical_not_adj,logical,negation,False,0.8075896080070332,-0.009660591264834713,0.5880797725560054,0.7940068306562649,-0.4604546903357701,-0.009660591264834713,ordinary
qwen3,complement_clause,existential_no,recursive,negation,False,0.8008007024241522,-0.06813109479022951,-0.3844305757704175,0.8725049324815004,-0.20422952685733886,-0.3844305757704175,ordinary
qwen3,possessive_chain,syntactic_do_not,recursive,negation,False,0.8001140484939148,-0.06679596094021521,-0.16010485452630174,0.9021476430739828,0.3429140468108897,-0.16010485452630174,ordinary
qwen3,existential_no,scope_quantifier,negation,negation,True,0.7926113744145712,0.06230595623964003,-0.1743758564805857,0.8888520321677937,0.05592630388355313,-0.1743758564805857,ordinary
qwen3,dative_passive,never,passive,negation,False,0.7905235834513166,-0.394902953158789,-0.08872337428837343,0.911098756936846,-0.3683239947054617,-0.394902953158789,ordinary
qwen3,existential_no,possessive_chain,negation,recursive,False,0.7899657794056774,-0.7395266692650897,-0.331010942326739,0.861294351239784,-0.4974707457894963,-0.7395266692650897,ordinary
qwen3,and_or,causal,logical,logical,True,0.7883333686982482,0.08021934556392343,-0.8585938101886934,0.9248695991014668,0.5544985206559172,-0.8585938101886934,ordinary
qwen3,relative_clause,scope_quantifier,recursive,negation,False,0.7846672611478256,-0.000104593876839669,-0.39669679297020016,0.9069879900033199,-0.12467697401719954,-0.39669679297020016,ordinary
qwen3,conditional,syntactic_do_not,logical,negation,False,0.7844853747018214,-0.02979458818501611,0.7100900352717403,0.823057536291135,-0.7299641308658212,-0.02979458818501611,ordinary
qwen3,by_phrase,inference,passive,logical,False,0.78358407291842,-0.3051491102216176,-0.5401392206183637,0.8829254564076574,-0.30427000769937396,-0.5401392206183637,ordinary
qwen3,by_phrase,conditional,passive,logical,False,0.7825586424550889,-0.13956424317075294,-0.347087467945316,0.9001818185069056,-0.3434674105369825,-0.347087467945316,ordinary
qwen3,contrast,existential_no,logical,negation,False,0.782452860835107,-0.33658413396860853,-0.48514058218731676,0.8764416985919361,0.059816255567759796,-0.48514058218731676,ordinary
qwen3,by_phrase,no_agent,passive,passive,True,0.7817402520912768,0.8134089754504712,0.5719120456498903,0.8962504402362885,-0.1030723171697049,0.5719120456498903,ordinary
qwen3,scope_quantifier,syntactic_do_not,negation,negation,True,0.779698107210215,0.32543892936369573,0.025158824985163503,0.9153844612357093,0.224741921762922,0.025158824985163503,ordinary
qwen3,causal,dative_passive,logical,passive,False,0.7793432109833571,0.25568232758512194,-0.4539868871165112,0.8327972782949344,-0.15398186375257264,-0.4539868871165112,ordinary
qwen3,existential_no,syntactic_do_not,negation,negation,True,0.7790598388506703,-0.2714124025429114,-0.46441148572648694,0.8882006035905464,-0.2740336286334334,-0.46441148572648694,ordinary
qwen3,inference,possessive_chain,logical,recursive,False,0.7780723121615171,-0.5701525144787385,-0.6736822868665727,0.7756456899184785,-0.5060860005370893,-0.6736822868665727,ordinary
qwen3,get_passive,scope_quantifier,passive,negation,False,0.7755615080813336,0.10933595645258838,-0.18657101245459928,0.9098152804027693,0.43594518953980593,-0.18657101245459928,ordinary
qwen3,dative_passive,syntactic_do_not,passive,negation,False,0.7729225754733691,-0.4107765855353354,-0.059935103888663084,0.9151496193126628,0.17054995228414246,-0.4107765855353354,ordinary
qwen3,morphological_neg,syntactic_do_not,negation,negation,True,0.7727733344330635,-0.029669194688490497,-0.013171277744490815,0.8181404891404445,-0.7082040765367232,-0.029669194688490497,ordinary
qwen3,complement_clause,possessive_chain,recursive,recursive,True,0.7727144165426162,-0.2987997815400536,-0.4841896435688315,0.9101567055411244,0.1944296455342538,-0.4841896435688315,ordinary
qwen3,complement_clause,dative_passive,recursive,passive,False,0.771599323266542,-0.4580453954680285,-0.10057474990165934,0.9129381409453365,0.15372420074424023,-0.4580453954680285,ordinary
qwen3,complement_clause,conditional,recursive,logical,False,0.7673957370333411,-0.07999355857929108,0.40564854825329133,0.7916180214813147,-0.6718082578341081,-0.07999355857929108,ordinary
qwen3,complement_clause,inference,recursive,logical,False,0.7670667867203356,-0.23008384102550028,0.32645966836855633,0.7611894263559195,-0.7011656226743783,-0.23008384102550028,ordinary
qwen3,by_phrase,pp_chain,passive,recursive,False,0.7656796595245915,-0.6480775219700549,-0.33582975288110506,0.8598421220116791,-0.2149237118756138,-0.6480775219700549,ordinary
qwen3,conditional,existential_no,logical,negation,False,0.764596671681161,-0.23463854420522925,-0.35241801972282893,0.8899587764549329,0.09920246352861668,-0.35241801972282893,ordinary
qwen3,contrast,get_passive,logical,passive,False,0.7612078438080708,-0.326330638016122,-0.36260943483548996,0.8029537656575833,-0.8157266386957597,-0.36260943483548996,ordinary
qwen3,complement_clause,morphological_neg,recursive,negation,False,0.7606503235902384,-0.06734909145098653,-0.43040453656303435,0.7870228205902967,-0.5224110696743683,-0.43040453656303435,ordinary
qwen3,causal,no_agent,logical,passive,False,0.756712502556389,0.48831740579103344,0.5989128288754134,0.9255493458646308,0.7499054383329143,0.48831740579103344,ordinary
qwen3,contrast,morphological_neg,logical,negation,False,0.7509490049236757,-0.0438238443851798,0.07813629790874106,0.9031241383540423,0.7566157075994397,-0.0438238443851798,ordinary
qwen3,contrast,no_agent,logical,passive,False,0.7487034851478399,0.5804706627287364,0.3834100494716146,0.9382706940424044,0.7540822404022051,0.3834100494716146,ordinary
qwen3,and_or,complement_clause,logical,recursive,False,0.7474501500549704,-0.31375961573221023,-0.16128846369407626,0.8079370024107368,-0.45603633937342813,-0.31375961573221023,ordinary
qwen3,conditional,pp_chain,logical,recursive,False,0.7436099125481289,-0.47075927557419356,-0.5335853943394335,0.8080140541639415,-0.6615079422529723,-0.5335853943394335,ordinary
qwen3,causal,existential_no,logical,negation,False,0.7433322741428412,-0.14953615750267119,-0.14003873984436974,0.867281311756423,0.03388216988528102,-0.14953615750267119,ordinary
qwen3,and_or,never,logical,negation,False,0.7331687536788513,-0.453881724043929,-0.3249703474795878,0.8830402596960836,-0.08931407110556286,-0.453881724043929,ordinary
qwen3,no_agent,possessive_chain,passive,recursive,False,0.7327608045473563,0.6687692762590579,0.6007438631085885,0.7907322025614095,-0.36330511873355287,0.6007438631085885,ordinary
qwen3,causal,possessive_chain,logical,recursive,False,0.7312263105521486,0.24455444568176773,0.6260198701891082,0.7672725458291517,-0.4238261144630202,0.24455444568176773,ordinary
qwen3,inference,syntactic_do_not,logical,negation,False,0.7283782586598446,-0.48370432226825294,-0.2843711894052599,0.7923021675295279,-0.7134395592457717,-0.48370432226825294,ordinary
qwen3,inference,scope_quantifier,logical,negation,False,0.7277887789669535,-0.026979109034905958,0.4889184102877338,0.7836796487802256,-0.3686801689969229,-0.026979109034905958,ordinary
qwen3,existential_no,morphological_neg,negation,negation,True,0.7263281335421142,-0.39387546735013546,-0.30037378716108726,0.8370959151107132,0.038328636774142374,-0.39387546735013546,ordinary
qwen3,conditional,no_agent,logical,passive,False,0.7233611462548618,-0.05756332428422523,-0.08105353742572088,0.9348526838930461,0.6442049499165297,-0.08105353742572088,ordinary
qwen3,lexical_not_adj,scope_quantifier,negation,negation,True,0.7233453302151377,-0.045757680987615706,-0.5654761826586565,0.9152558450557652,0.6246607092335099,-0.5654761826586565,ordinary
qwen3,inference,no_agent,logical,passive,False,0.7221044930782381,-0.17579418967900734,-0.18043599340178362,0.951523116367095,0.6241416281140483,-0.18043599340178362,ordinary
qwen3,and_or,syntactic_do_not,logical,negation,False,0.7141371681399231,-0.5583291786522319,-0.2975903117155979,0.8302704469922739,-0.6126368230472795,-0.5583291786522319,ordinary
qwen3,conditional,get_passive,logical,passive,False,0.7134086753246772,-0.6356093878979544,-0.11337767850182595,0.8433664863901532,-0.7771711395921675,-0.6356093878979544,ordinary
qwen3,by_phrase,relative_clause,passive,recursive,False,0.7056429822537339,-0.9219272449066026,-0.8484177637623777,0.8756939356750317,-0.178601704909868,-0.9219272449066026,ordinary
qwen3,never,possessive_chain,negation,recursive,False,0.7050760401738113,-0.6220639102728249,-0.3466494554328759,0.8838594918003904,-0.12235613461633602,-0.6220639102728249,ordinary
qwen3,contrast,never,logical,negation,False,0.6985062667683268,-0.2879124551584073,0.1729501195651386,0.8473707759351587,0.09233193075932952,-0.2879124551584073,ordinary
qwen3,contrast,pp_chain,logical,recursive,False,0.6971167326419596,-0.7495864915999825,-0.1302748971346947,0.7435085126818723,-0.6125872087953016,-0.7495864915999825,ordinary
qwen3,contrast,relative_clause,logical,recursive,False,0.6965886454586715,-0.8062919709394636,-0.7024665449846778,0.7572321510961206,-0.7329161285745414,-0.8062919709394636,ordinary
qwen3,by_phrase,never,passive,negation,False,0.6929380143600498,-0.3494289469573355,-0.24361755951169656,0.9125150518657144,0.23542724973384913,-0.3494289469573355,ordinary
qwen3,morphological_neg,never,negation,negation,True,0.6903129703572711,-0.43250277113122426,-0.6368683261906566,0.8483892994696719,-0.05702517930951314,-0.6368683261906566,ordinary
qwen3,inference,morphological_neg,logical,negation,False,0.6828839807674711,-0.6178601178698783,-0.7912556522904898,0.8820773364472434,0.5672563517271098,-0.7912556522904898,ordinary
qwen3,causal,lexical_not_adj,logical,negation,False,0.677215385120538,-0.3590003664647125,0.3456964693692703,0.7768495392754975,-0.4923205146182322,-0.3590003664647125,ordinary
qwen3,and_or,no_agent,logical,passive,False,0.6714166675700549,-0.4059670185069036,-0.586356259824735,0.934366371589884,0.44303671471145417,-0.586356259824735,ordinary
qwen3,dative_passive,no_agent,passive,passive,True,0.6547637984208684,0.11735569216503998,-0.5289861569679025,0.8254957962060446,-0.3449663675456378,-0.5289861569679025,ordinary
qwen3,conditional,never,logical,negation,False,0.649803164600806,-0.6900318394235267,-0.6039925613227372,0.8733526501612089,-0.046612722221146784,-0.6900318394235267,ordinary
qwen3,causal,relative_clause,logical,recursive,False,0.6441276966192742,-0.6092640054812367,-0.42825519148941843,0.7475016637660967,-0.686861948122785,-0.6092640054812367,ordinary
qwen3,existential_no,no_agent,negation,passive,False,0.6414344298053146,-0.5742477171390857,-0.41798390956680376,0.890071867359008,-0.008559040209717213,-0.5742477171390857,ordinary
qwen3,causal,get_passive,logical,passive,False,0.6410857731949233,-0.48150271266993744,-0.5541912001740606,0.7837052944292152,-0.8335488846622514,-0.5541912001740606,ordinary
qwen3,by_phrase,syntactic_do_not,passive,negation,False,0.6310208186739702,-0.37991957833818246,-0.23023754154382572,0.8627812618238254,0.11791030421273775,-0.37991957833818246,ordinary
qwen3,and_or,scope_quantifier,logical,negation,False,0.6028656610879961,-0.527487296036275,-0.22322389630239722,0.7990436695435714,-0.47883376996360105,-0.527487296036275,ordinary
qwen3,causal,never,logical,negation,False,0.6027463613093449,-0.363058907928461,0.12110777915367608,0.8345694057243607,0.060458669792385795,-0.363058907928461,ordinary
qwen3,lexical_not_adj,no_agent,negation,passive,False,0.6002272212238464,-0.169252798980466,-0.08022181498933194,0.7958322416826256,-0.4244948301040432,-0.169252798980466,ordinary
qwen3,no_agent,scope_quantifier,passive,negation,False,0.5696173337214862,0.2975805165702531,0.6036153828440216,0.8051658111934296,-0.13042376657706514,0.2975805165702531,ordinary
qwen3,complement_clause,syntactic_do_not,recursive,negation,False,0.9731692452596548,0.8613843105154282,0.67844667002377,0.9788799389164824,0.8058506062154206,0.67844667002377,residual_stable_candidate
qwen3,complement_clause,relative_clause,recursive,recursive,True,0.972075071709788,0.7948536847306644,0.3558899311632751,0.9806521058035941,0.821643242910002,0.3558899311632751,residual_stable_candidate
qwen3,get_passive,pp_chain,passive,recursive,False,0.9703694382021594,0.7676320453526411,0.7962017199249525,0.9570745440193912,0.41825458395347515,0.7676320453526411,residual_stable_candidate
qwen3,relative_clause,syntactic_do_not,recursive,negation,False,0.9607171835672004,0.6345616269248623,0.3115167750408368,0.980822196775816,0.8188970464816411,0.3115167750408368,residual_stable_candidate
qwen3,causal,contrast,logical,logical,True,0.9507064703749407,0.8794542402900027,0.6785138561607319,0.9910055110797278,0.895765287334389,0.6785138561607319,residual_stable_candidate
qwen3,dative_passive,morphological_neg,passive,negation,False,0.9409186345763701,0.6637230189702764,0.5717748449308057,0.8934928678180695,-0.11848164202810449,0.5717748449308057,residual_stable_candidate
qwen3,existential_no,inference,negation,logical,False,0.935946346777385,0.5885356434772081,0.47944608933711014,0.920842089420824,0.17078585414062986,0.47944608933711014,residual_stable_candidate
qwen3,existential_no,get_passive,negation,passive,False,0.9344922452514932,0.5574537801397705,0.4824919089823123,0.9333754871340921,0.09567433521769537,0.4824919089823123,residual_stable_candidate
qwen3,existential_no,pp_chain,negation,recursive,False,0.9320700177122603,0.589528093464366,0.5977725144490824,0.8994763918495082,-0.11236037037605832,0.589528093464366,residual_stable_candidate
qwen3,by_phrase,contrast,passive,logical,False,0.9136789908116559,0.7468849758201379,0.6637155458519449,0.9115245092506182,-0.24387662019598164,0.6637155458519449,residual_stable_candidate
qwen3,by_phrase,possessive_chain,passive,recursive,False,0.9051700173888618,0.7627582684757971,0.9236163259844012,0.9180189418461349,0.3465841299880014,0.7627582684757971,residual_stable_candidate
qwen3,causal,morphological_neg,logical,negation,False,0.5993429111089249,-0.31130421092026705,-0.1930510032420656,0.8753440064877366,0.6160570059286979,-0.31130421092026705,stable_differentiation_candidate
qwen3,possessive_chain,scope_quantifier,recursive,negation,False,0.5906655523562889,-0.13456733706456409,0.00503013770055729,0.8691859471723553,0.42712846766391305,-0.13456733706456409,stable_differentiation_candidate
qwen3,contrast,syntactic_do_not,logical,negation,False,0.5906393683873915,-0.5671418402044442,-0.11802963483248202,0.7456157839204856,-0.8322066299359148,-0.5671418402044442,stable_differentiation_candidate
qwen3,causal,pp_chain,logical,recursive,False,0.5880804902475938,-0.7918231745426929,-0.4402255847026126,0.7317025500258326,-0.5887166145028054,-0.7918231745426929,stable_differentiation_candidate
qwen3,by_phrase,complement_clause,passive,recursive,False,0.578437247085104,-0.6580144738771084,-0.4906598327383089,0.8292578057756659,-0.09433954226883244,-0.6580144738771084,stable_differentiation_candidate
qwen3,dative_passive,scope_quantifier,passive,negation,False,0.5749674359317425,-0.598984653066671,-0.6685366464274152,0.852788810364223,-0.3215355401710453,-0.6685366464274152,stable_differentiation_candidate
qwen3,no_agent,syntactic_do_not,passive,negation,False,0.5706611226665346,-0.08222805064309596,0.22301566438344886,0.7844943637644318,-0.6662896628068311,-0.08222805064309596,stable_differentiation_candidate
qwen3,get_passive,no_agent,passive,passive,True,0.568041472472092,-0.5136397936780904,-0.8209298523976638,0.8170793100971783,-0.7601368882834556,-0.8209298523976638,stable_differentiation_candidate
qwen3,morphological_neg,no_agent,negation,passive,False,0.5664352082124668,-0.2073589378167264,-0.19801957690158217,0.8905173077718993,0.5667917846051062,-0.2073589378167264,stable_differentiation_candidate
qwen3,no_agent,relative_clause,passive,recursive,False,0.5648974854882186,-0.7789922092871543,-0.5882808411271637,0.7770405880666754,-0.7211185562462402,-0.7789922092871543,stable_differentiation_candidate
qwen3,never,no_agent,negation,passive,False,0.5549455955941159,-0.24854463613120567,-0.0809203571970032,0.8758381475490952,0.055866392713554196,-0.24854463613120567,stable_differentiation_candidate
qwen3,causal,syntactic_do_not,logical,negation,False,0.5433774550727809,-0.4748809812210348,0.04820958694856737,0.7354156425775061,-0.7869263886779899,-0.4748809812210348,stable_differentiation_candidate
qwen3,complement_clause,contrast,recursive,logical,False,0.5409877595839501,-0.8262177369581295,-0.32453532678163,0.6983932771375347,-0.7360831391109449,-0.8262177369581295,stable_differentiation_candidate
qwen3,by_phrase,scope_quantifier,passive,negation,False,0.5322963517309387,-0.016097568127322805,0.11619892400645061,0.8472204838029451,0.461911242299214,-0.016097568127322805,stable_differentiation_candidate
qwen3,complement_clause,no_agent,recursive,passive,False,0.5231847461953952,-0.3018281404082908,0.27754107272984124,0.7401314707553919,-0.6289341510324646,-0.3018281404082908,stable_differentiation_candidate
qwen3,no_agent,pp_chain,passive,recursive,False,0.5216301719212015,-0.7939331119756643,-0.723407335516114,0.7635986007749651,-0.6089954310042497,-0.7939331119756643,stable_differentiation_candidate
qwen3,morphological_neg,scope_quantifier,negation,negation,True,0.5207196373896527,-0.5112413224300617,-0.6821396007096638,0.7475898735909415,-0.5146920119306092,-0.6821396007096638,stable_differentiation_candidate
qwen3,causal,complement_clause,logical,recursive,False,0.49719802955849524,-0.6803713412824638,-0.22501352588334064,0.6910458085774016,-0.706400689465288,-0.6803713412824638,stable_differentiation_candidate
qwen3,conditional,scope_quantifier,logical,negation,False,0.48077513169814956,-0.7123496448056625,-0.42113125839523463,0.7651877567768525,-0.41986268127634463,-0.7123496448056625,stable_differentiation_candidate
qwen3,contrast,scope_quantifier,logical,negation,False,0.41642099553090917,-0.4200035361697352,0.12163780676671265,0.7213585871876365,-0.39001629072169625,-0.4200035361697352,stable_differentiation_candidate
qwen3,causal,scope_quantifier,logical,negation,False,0.35408465645185866,-0.4412119998344463,0.07876417416983082,0.7012059056692231,-0.43778891968568207,-0.4412119998344463,stable_differentiation_candidate
glm4,and_or,get_passive,logical,passive,False,0.9707173451247308,0.8167097293776768,0.06587762534886697,0.9414890723806109,-0.4253963364966109,0.06587762534886697,category_shape_candidate
glm4,causal,get_passive,logical,passive,False,0.9626415542771327,0.8127961050973935,0.061236312538909876,0.8819548813101196,-0.2107412499830874,0.061236312538909876,category_shape_candidate
glm4,dative_passive,morphological_neg,passive,negation,False,0.9602119165850329,0.6438930878922072,-0.10393278587153677,0.8736433388375455,-0.2390423445328965,-0.10393278587153677,category_shape_candidate
glm4,inference,no_agent,logical,passive,False,0.9523398224046647,0.7280407450434714,-3.4231626898352536e-05,0.9804549571874154,0.814343150095147,-3.4231626898352536e-05,category_shape_candidate
glm4,by_phrase,dative_passive,passive,passive,True,0.9426501689466392,0.6204704289311725,-0.17214764477845318,0.9876165837134171,0.7606647504643865,-0.17214764477845318,category_shape_candidate
glm4,and_or,no_agent,logical,passive,False,0.9423283951967827,0.6788230036519475,-0.12710342146211784,0.8879282603943346,0.17700986426905702,-0.12710342146211784,category_shape_candidate
glm4,by_phrase,inference,passive,logical,False,0.9387407039564741,0.49239430304463544,0.087782513077728,0.8852944427669521,-0.26391201134942477,0.087782513077728,category_shape_candidate
glm4,by_phrase,no_agent,passive,passive,True,0.9368388088017335,0.7116237036770411,0.07156427719961973,0.9014325193087684,-0.06170187696678599,0.07156427719961973,category_shape_candidate
glm4,by_phrase,get_passive,passive,passive,True,0.935686840602331,0.5156540995901346,-0.8030635025649945,0.9826147807069511,0.7230427234908381,-0.8030635025649945,category_shape_candidate
glm4,lexical_not_adj,scope_quantifier,negation,negation,True,0.9319068666818004,0.38857366273704297,-0.07099013875777137,0.9632663786470692,0.5990171618999208,-0.07099013875777137,category_shape_candidate
glm4,dative_passive,inference,passive,logical,False,0.9314258854130733,0.4932402558058048,-0.17607642331404424,0.8700883348195952,-0.2079231068634798,-0.17607642331404424,category_shape_candidate
glm4,and_or,dative_passive,logical,passive,False,0.9311034923286275,0.46986745682897113,-0.08444003143327679,0.9447811584372577,-0.419781708010736,-0.08444003143327679,category_shape_candidate
glm4,dative_passive,syntactic_do_not,passive,negation,False,0.9226091805049302,0.42616382458999147,-0.23603462680422577,0.9727095621523147,0.46663547385595205,-0.23603462680422577,category_shape_candidate
glm4,possessive_chain,pp_chain,recursive,recursive,True,0.921333292204798,0.5563386706228596,-0.45955714515042656,0.9883007857172544,0.8004612829010525,-0.45955714515042656,category_shape_candidate
glm4,complement_clause,pp_chain,recursive,recursive,True,0.9206382972419792,0.5477853379563076,-0.4808643926528812,0.9867710260725158,0.23668524749294995,-0.4808643926528812,category_shape_candidate
glm4,contrast,no_agent,logical,passive,False,0.913248660279356,0.6534253117180626,-0.18241529659453992,0.967401020171874,0.8038908013194545,-0.18241529659453992,category_shape_candidate
glm4,lexical_not_adj,never,negation,negation,True,0.9097066172780691,0.21332371830891253,-0.41251121054471435,0.9744951283344483,0.6047938673698326,-0.41251121054471435,category_shape_candidate
glm4,get_passive,no_agent,passive,passive,True,0.905644284388034,0.5187630976854464,-0.346969892856285,0.8818878089524282,-0.26507818044253306,-0.346969892856285,category_shape_candidate
glm4,pp_chain,syntactic_do_not,recursive,negation,False,0.9366963086345194,0.18071691681473842,0.2641834125107576,0.9695595393275577,-0.06752204748686545,0.18071691681473842,model_shape_candidate
glm4,complement_clause,syntactic_do_not,recursive,negation,False,0.914333837897794,-0.24902251596916566,-0.7378857489987836,0.9780899519119096,0.28429799959771535,-0.7378857489987836,model_shape_candidate
glm4,existential_no,lexical_not_adj,negation,negation,True,0.9100432278106547,0.02066245041832832,-0.43079457492652146,0.9612795851545455,0.3573074579190894,-0.43079457492652146,model_shape_candidate
glm4,existential_no,syntactic_do_not,negation,negation,True,0.9071331229545885,-0.5906608376696297,-0.7050358533325617,0.932145008448833,0.03591967196299612,-0.7050358533325617,model_shape_candidate
glm4,possessive_chain,syntactic_do_not,recursive,negation,False,0.906388766965078,-0.2605717451623387,-0.7526741199205016,0.9754841838572451,-0.0945131465779672,-0.7526741199205016,model_shape_candidate
glm4,complement_clause,lexical_not_adj,recursive,negation,False,0.9053354609899092,0.15787559715067695,-0.11467495995308187,0.95820456570401,0.31082714752821694,-0.11467495995308187,model_shape_candidate
glm4,conditional,lexical_not_adj,logical,negation,False,0.9019080876162725,0.0045435201143342535,-0.36043401506924894,0.9076867979818191,-0.6486977308190387,-0.36043401506924894,model_shape_candidate
glm4,lexical_not_adj,possessive_chain,negation,recursive,False,0.9007603725572413,0.14966599469313235,-0.12569072776243329,0.9507127383059669,-0.02155660745608669,-0.12569072776243329,model_shape_candidate
glm4,get_passive,inference,passive,logical,False,0.9737593726098074,0.8385872265856353,0.10746536183594636,0.889261215784986,-0.2345570488885753,0.10746536183594636,ordinary
glm4,contrast,get_passive,logical,passive,False,0.97233003203373,0.8842367999717061,0.2713275925305229,0.8902289769449743,-0.20448023855056813,0.2713275925305229,ordinary
glm4,existential_no,scope_quantifier,negation,negation,True,0.9607146617501209,0.6381523342274817,0.2861101815618953,0.9588650241731826,0.3104093948424154,0.2861101815618953,ordinary
glm4,causal,no_agent,logical,passive,False,0.9497384917782075,0.762991681865016,0.1719310540385277,0.9802179824904933,0.7654938709400491,0.1719310540385277,ordinary
glm4,dative_passive,get_passive,passive,passive,True,0.9480241008098458,0.6528071599604097,0.13015426109908376,0.9878470966635682,0.9038699974833274,0.13015426109908376,ordinary
glm4,relative_clause,syntactic_do_not,recursive,negation,False,0.946422447530073,0.3802175409722139,0.6929027123167515,0.975080320553717,0.5340884520447059,0.3802175409722139,ordinary
glm4,and_or,by_phrase,logical,passive,False,0.9365137970392714,0.48759924606870386,0.19524628941941816,0.9410734320094601,-0.42951834925929394,0.19524628941941816,ordinary
glm4,by_phrase,morphological_neg,passive,negation,False,0.9357944509110564,0.5086624740438643,0.138284360233372,0.8932447889741774,-0.2089780162081756,0.138284360233372,ordinary
glm4,and_or,morphological_neg,logical,negation,False,0.9336218043025754,0.4570198706656914,0.6702839266124033,0.8631688498753971,0.10663647481178577,0.4570198706656914,ordinary
glm4,inference,morphological_neg,logical,negation,False,0.9307133623754117,0.4616929926929938,0.8258301378381037,0.9680636009744826,0.714852123543231,0.4616929926929938,ordinary
glm4,by_phrase,causal,passive,logical,False,0.9295738819827958,0.5598253715876418,0.264856462645575,0.880226067144886,-0.22105521706325498,0.264856462645575,ordinary
glm4,existential_no,pp_chain,negation,recursive,False,0.9201976912886137,0.504170314124755,0.2699833248684866,0.9410329251566716,-0.23465692435467245,0.2699833248684866,ordinary
glm4,by_phrase,contrast,passive,logical,False,0.9140177395352861,0.5748735758698511,0.20573144781679867,0.8790169317732303,-0.2184709604030207,0.20573144781679867,ordinary
glm4,morphological_neg,syntactic_do_not,negation,negation,True,0.913018518484147,0.2571483504747924,0.5760358308197608,0.8503093861557657,-0.5962511683933185,0.2571483504747924,ordinary
glm4,conditional,pp_chain,logical,recursive,False,0.9009077046569646,0.3966983761814591,0.22966072250905434,0.8856994574360149,-0.19920781181938452,0.22966072250905434,ordinary
glm4,causal,morphological_neg,logical,negation,False,0.9001969024756287,0.4123016696467261,0.6862178016471406,0.9667111722712556,0.7390955115545734,0.4123016696467261,ordinary
glm4,contrast,dative_passive,logical,passive,False,0.8996434531063526,0.527423261842471,-0.22488381432517573,0.867025987383407,-0.2160042076203931,-0.22488381432517573,ordinary
glm4,and_or,relative_clause,logical,recursive,False,0.8991047967861034,0.27755481168631435,0.7358660724482657,0.9075661983980184,-0.22493709514172264,0.27755481168631435,ordinary
glm4,causal,dative_passive,logical,passive,False,0.8972554978373397,0.42551564175814094,-0.47733060334479643,0.8577400616118414,-0.20196432560938749,-0.47733060334479643,ordinary
glm4,dative_passive,relative_clause,passive,recursive,False,0.8960885726845659,0.1478310409969512,-0.21474281740518672,0.9661980871551682,0.036394697426209405,-0.21474281740518672,ordinary
glm4,pp_chain,scope_quantifier,recursive,negation,False,0.8959293546458248,0.3801161683268968,-0.021542848081966864,0.9756692571136426,0.30915689271587454,-0.021542848081966864,ordinary
glm4,scope_quantifier,syntactic_do_not,negation,negation,True,0.895890793812512,-0.2777078818009049,-0.6048966160952517,0.9733083578973092,0.3527279987419345,-0.6048966160952517,ordinary
glm4,never,pp_chain,negation,recursive,False,0.8939334048247908,0.3927816951453884,-0.020362375888538654,0.962983013209961,-0.13497333885927734,-0.020362375888538654,ordinary
glm4,by_phrase,relative_clause,passive,recursive,False,0.8927726618663102,0.03910300676977536,-0.01459278684870755,0.9681975698897638,0.11906213379138464,-0.01459278684870755,ordinary
glm4,get_passive,morphological_neg,passive,negation,False,0.8924736511408746,0.22326884077561276,-0.053578265733342484,0.8745857159839158,-0.3209239908698069,-0.053578265733342484,ordinary
glm4,morphological_neg,relative_clause,negation,recursive,False,0.8914395415882778,0.10299729069367926,0.7317862696159602,0.883225518492682,-0.5117259490261568,0.10299729069367926,ordinary
glm4,never,syntactic_do_not,negation,negation,True,0.8906073235036948,-0.3547006103924088,-0.7614758614787361,0.9550076499047634,0.4248394872653838,-0.7614758614787361,ordinary
glm4,existential_no,morphological_neg,negation,negation,True,0.8905901299446561,-0.5786350670244385,-0.5828960308525136,0.9277983898567024,-0.31416978937438444,-0.5828960308525136,ordinary
glm4,conditional,morphological_neg,logical,negation,False,0.8901006436439667,-0.5077464542952093,-0.7879455662200058,0.9465661884613055,0.6582182997976865,-0.7879455662200058,ordinary
glm4,conditional,syntactic_do_not,logical,negation,False,0.8863931717497148,-0.6608484882866728,-0.7205144628047986,0.8802369071990187,-0.7047328896952207,-0.7205144628047986,ordinary
glm4,complement_clause,morphological_neg,recursive,negation,False,0.8826982807809274,-0.35278187078007694,-0.41388101500043195,0.8448328812793368,-0.40714860861287044,-0.41388101500043195,ordinary
glm4,get_passive,relative_clause,passive,recursive,False,0.8817668400776172,0.229273968846795,0.35307504476458595,0.9615912448074072,0.16890897853482642,0.229273968846795,ordinary
glm4,dative_passive,lexical_not_adj,passive,negation,False,0.8805415106604327,0.06498343511369165,-0.0005800494102722467,0.9366609441727001,0.4162603817007412,-0.0005800494102722467,ordinary
glm4,morphological_neg,no_agent,negation,passive,False,0.8800366658236836,0.3084187692750262,0.03274653127199511,0.9697373977967502,0.6533934120135488,0.03274653127199511,ordinary
glm4,morphological_neg,never,negation,negation,True,0.8798329745520956,-0.3363093499646984,-0.6340246884327422,0.9030238945638694,-0.4646472134572915,-0.6340246884327422,ordinary
glm4,pp_chain,relative_clause,recursive,recursive,True,0.8794861520438566,0.32437079912620154,-0.05975032567518859,0.9468394208730446,0.31795705651400796,-0.05975032567518859,ordinary
glm4,morphological_neg,possessive_chain,negation,recursive,False,0.8787496684204618,-0.3454334104305991,-0.40340982858292473,0.8428116404229872,-0.19271474465875876,-0.40340982858292473,ordinary
glm4,contrast,morphological_neg,logical,negation,False,0.87713672844616,0.3651410676040012,0.6036729755362265,0.9626439012496397,0.7524738628478278,0.3651410676040012,ordinary
glm4,contrast,relative_clause,logical,recursive,False,0.8770747745720122,0.31567990295979853,0.8693154171846859,0.8607491057681121,-0.4774880988727653,0.31567990295979853,ordinary
glm4,morphological_neg,scope_quantifier,negation,negation,True,0.8726766877492833,-0.39451322064640537,-0.6313601669317904,0.8581595163300461,-0.5959145589448073,-0.6313601669317904,ordinary
glm4,dative_passive,existential_no,passive,negation,False,0.8693993566703907,-0.7296960818960683,-0.022093979069421246,0.9257680513284331,0.1563633708445574,-0.7296960818960683,ordinary
glm4,inference,relative_clause,logical,recursive,False,0.8689668218866932,0.11764207389582812,0.6911662188392915,0.8653366154931631,-0.5515408219625557,0.11764207389582812,ordinary
glm4,conditional,dative_passive,logical,passive,False,0.8633224867051217,-0.7009751099891843,0.2973907387715917,0.8910471536042317,-0.2597009568426914,-0.7009751099891843,ordinary
glm4,and_or,syntactic_do_not,logical,negation,False,0.8613758954639855,-0.010065141924129238,0.6675648137658975,0.9082783909066359,-0.2692229990113766,-0.010065141924129238,ordinary
glm4,lexical_not_adj,syntactic_do_not,negation,negation,True,0.8600431729155413,-0.07840380550566835,0.05670456809953639,0.9430297086222516,0.6733230133093294,-0.07840380550566835,ordinary
glm4,get_passive,syntactic_do_not,passive,negation,False,0.8576698264944526,0.07547380703897032,-0.19873312316562078,0.9514065656223697,0.46977269452426623,-0.19873312316562078,ordinary
glm4,dative_passive,never,passive,negation,False,0.8562468934172954,-0.49107084724028466,0.4342213827114438,0.9342154576801385,0.22831326567748855,-0.49107084724028466,ordinary
glm4,complement_clause,dative_passive,recursive,passive,False,0.8557936065461909,-0.5356112120693697,0.35840225251357766,0.9450877164351236,0.2693954088321247,-0.5356112120693697,ordinary
glm4,by_phrase,existential_no,passive,negation,False,0.8509893840883473,-0.8520029523508261,-0.6531198667237069,0.9386397438449662,-0.18527196333001977,-0.8520029523508261,ordinary
glm4,conditional,no_agent,logical,passive,False,0.8492310305699888,-0.435790123750788,0.05010614788929294,0.9647430025419516,0.5417570178048269,-0.435790123750788,ordinary
glm4,get_passive,lexical_not_adj,passive,negation,False,0.8485011200458658,0.026916663499708497,0.4369032961487318,0.9476375206780562,0.4834654174139972,0.026916663499708497,ordinary
glm4,dative_passive,possessive_chain,passive,recursive,False,0.8470075109855099,-0.5591587628248439,0.33599025066889887,0.9444717291476712,-0.5975259106356282,-0.5591587628248439,ordinary
glm4,causal,relative_clause,logical,recursive,False,0.8449532873055333,0.1050000549388192,0.7134190183257685,0.8538554564795493,-0.527403622185697,0.1050000549388192,ordinary
glm4,inference,syntactic_do_not,logical,negation,False,0.8438980772706809,-0.09096006600330016,0.5901690745716461,0.8233860364490851,-0.7333570138697172,-0.09096006600330016,ordinary
glm4,by_phrase,conditional,passive,logical,False,0.8428550781486918,-0.8177719559752545,-0.2303711724924666,0.9040763303971311,-0.44896680614412904,-0.8177719559752545,ordinary
glm4,and_or,conditional,logical,logical,True,0.8427096931308788,-0.5875956830242413,-0.7175453406270533,0.8887283132355437,0.11638722913594449,-0.7175453406270533,ordinary
glm4,dative_passive,no_agent,passive,passive,True,0.8420773544436623,0.1610750409720037,-0.8637587172200115,0.8712409915366532,-0.24430203215439072,-0.8637587172200115,ordinary
glm4,existential_no,no_agent,negation,passive,False,0.8419961910875257,-0.5328716411770592,0.3194072448244703,0.9333320391682801,-0.26619744031483744,-0.5328716411770592,ordinary
glm4,conditional,inference,logical,logical,True,0.8417050347994808,-0.5204943116755844,-0.81753710056216,0.9533553553946804,0.6525234149516768,-0.81753710056216,ordinary
glm4,and_or,existential_no,logical,negation,False,0.8414035408462788,-0.6631123412201818,-0.5354015768702476,0.8949508731354681,-0.09833188122878479,-0.6631123412201818,ordinary
glm4,dative_passive,scope_quantifier,passive,negation,False,0.8389346817128831,-0.6200629384530095,0.04773758713901623,0.9444747069889236,-0.15171391696202816,-0.6200629384530095,ordinary
glm4,lexical_not_adj,pp_chain,negation,recursive,False,0.8372234777819224,-0.04777447953290808,-0.04690901383217935,0.9445853195850374,-0.1258130536980996,-0.04777447953290808,ordinary
glm4,existential_no,inference,negation,logical,False,0.8353620419698624,-0.6280344342491617,-0.557521511607224,0.9243342671038337,-0.26542719990581487,-0.6280344342491617,ordinary
glm4,by_phrase,lexical_not_adj,passive,negation,False,0.8352252370568318,-0.04348013734699011,0.02920744774071827,0.9464660955886668,0.3912267518965144,-0.04348013734699011,ordinary
glm4,by_phrase,scope_quantifier,passive,negation,False,0.8347452440176022,-0.5353566479395334,0.10630656315567254,0.9554649777645051,-0.17873796618726934,-0.5353566479395334,ordinary
glm4,no_agent,syntactic_do_not,passive,negation,False,0.8321091352523833,0.19844608393889848,-0.043010480197655715,0.8351596812323545,-0.4998685958860271,-0.043010480197655715,ordinary
glm4,lexical_not_adj,morphological_neg,negation,negation,True,0.8264136737803851,-0.4399495401361714,-0.16227484381221535,0.8705973626479743,-0.6820708620651514,-0.4399495401361714,ordinary
glm4,by_phrase,complement_clause,passive,recursive,False,0.8199423429196955,-0.6975153246888236,-0.007433838187739659,0.9527454459361061,0.2099315300835051,-0.6975153246888236,ordinary
glm4,existential_no,get_passive,negation,passive,False,0.8193203503002154,-0.6672212596389583,0.22863966673327343,0.927171955684237,0.15612233302469272,-0.6672212596389583,ordinary
glm4,no_agent,relative_clause,passive,recursive,False,0.8190202087888476,-0.07654680508077338,-0.09408448607310381,0.8606207464751586,-0.5054189378452475,-0.09408448607310381,ordinary
glm4,conditional,get_passive,logical,passive,False,0.8172589067223,-0.6194796000408469,-0.16754677844006535,0.8944210630922875,-0.2980271666963557,-0.6194796000408469,ordinary
glm4,existential_no,relative_clause,negation,recursive,False,0.8148424893724003,-0.3879094767785473,-0.5652310694178728,0.9327293048758212,-0.011201185860224186,-0.5652310694178728,ordinary
glm4,by_phrase,never,passive,negation,False,0.8137063274984422,-0.6733912704349363,-0.2501201469476613,0.9484299010184587,0.021530311732245972,-0.6733912704349363,ordinary
glm4,inference,lexical_not_adj,logical,negation,False,0.811404467980317,-0.28290114415860196,0.09713610595055959,0.8731154784975771,-0.7021056684257057,-0.28290114415860196,ordinary
glm4,and_or,lexical_not_adj,logical,negation,False,0.8112480577648082,-0.33524151240326633,-0.039461485505224984,0.8613364201659844,-0.40010983855818805,-0.33524151240326633,ordinary
glm4,contrast,syntactic_do_not,logical,negation,False,0.8074836607165158,0.08521007538242341,0.7039987230796636,0.8071848581556998,-0.7001638491841943,0.08521007538242341,ordinary
glm4,by_phrase,possessive_chain,passive,recursive,False,0.8073444945865087,-0.7083617083175936,-0.013892626639770431,0.9475323445114665,-0.44540670738472476,-0.7083617083175936,ordinary
glm4,complement_clause,relative_clause,recursive,recursive,True,0.8050429916376246,-0.29729860106516653,-0.838782080304495,0.9605116971437487,0.21864794264162268,-0.838782080304495,ordinary
glm4,relative_clause,scope_quantifier,recursive,negation,False,0.8046578423315923,-0.33498105083029184,-0.5551852638173661,0.9570923583076072,0.3568774534204759,-0.5551852638173661,ordinary
glm4,causal,syntactic_do_not,logical,negation,False,0.8025054934281955,-0.07565151613865434,0.4981557333472876,0.8035227487845916,-0.7140746490647778,-0.07565151613865434,ordinary
glm4,possessive_chain,relative_clause,recursive,recursive,True,0.8014507581538758,-0.30004632411341636,-0.851444410714378,0.9553571124759476,0.15563983446030477,-0.851444410714378,ordinary
glm4,causal,conditional,logical,logical,True,0.7988711950219646,-0.5809132258934885,-0.8999171325971425,0.9429131905639648,0.6771968542674525,-0.8999171325971425,ordinary
glm4,causal,lexical_not_adj,logical,negation,False,0.7964232228891938,-0.1506149869078953,0.40093060625745947,0.8597068154239507,-0.7205426149783986,-0.1506149869078953,ordinary
glm4,morphological_neg,pp_chain,negation,recursive,False,0.7951296254426431,-0.6243921456663774,-0.44515631612968987,0.8225358949932372,-0.19987212740105229,-0.6243921456663774,ordinary
glm4,conditional,relative_clause,logical,recursive,False,0.7918697053025359,-0.49835676409982277,-0.8922059183821094,0.8869099509356643,-0.5708915569688922,-0.8922059183821094,ordinary
glm4,lexical_not_adj,relative_clause,negation,recursive,False,0.7904959443272497,-0.35865143042654163,0.16510820288869432,0.9499417499859028,0.45523153284091805,-0.35865143042654163,ordinary
glm4,causal,existential_no,logical,negation,False,0.7901686232836789,-0.6904681247250093,-0.703375970302736,0.9056238127808691,-0.29841055311996806,-0.703375970302736,ordinary
glm4,contrast,lexical_not_adj,logical,negation,False,0.7901558817867409,-0.07813681934061743,0.5481132593529477,0.8583791004829636,-0.6853733387269096,-0.07813681934061743,ordinary
glm4,dative_passive,pp_chain,passive,recursive,False,0.7882375392197253,-0.6090151653019464,-0.3043067396883454,0.9254605246827821,-0.7155860230567516,-0.6090151653019464,ordinary
glm4,by_phrase,pp_chain,passive,recursive,False,0.7862141583744316,-0.5047334546767689,0.04486675131997288,0.9236435764593097,-0.45142034004070064,-0.5047334546767689,ordinary
glm4,and_or,scope_quantifier,logical,negation,False,0.7861623753066473,-0.8016040620548336,-0.4788789413327068,0.892740264072412,-0.07617239097978336,-0.8016040620548336,ordinary
glm4,and_or,never,logical,negation,False,0.7751564476220827,-0.8478869804017526,-0.6518061426511201,0.8818904933776325,-0.2670888953290604,-0.8478869804017526,ordinary
glm4,no_agent,scope_quantifier,passive,negation,False,0.7748312202115498,-0.6074896029656754,0.11393085270343307,0.8556227711535908,-0.616935926339216,-0.6074896029656754,ordinary
glm4,inference,scope_quantifier,logical,negation,False,0.7734369623069782,-0.814838137124599,-0.7290505993243926,0.8403552970983305,-0.6381514535644836,-0.814838137124599,ordinary
glm4,and_or,complement_clause,logical,recursive,False,0.7723226470605855,-0.8958903077338902,-0.5850537017193969,0.8781566841433508,-0.33005916543183245,-0.8958903077338902,ordinary
glm4,inference,never,logical,negation,False,0.7705537997033975,-0.8007160597568638,-0.6642698829688972,0.8881802363522127,-0.5763064723217184,-0.8007160597568638,ordinary
glm4,never,relative_clause,negation,recursive,False,0.7688698841149805,-0.51877519686765,-0.8955285632408693,0.9517594375241678,0.08145594010763281,-0.8955285632408693,ordinary
glm4,and_or,possessive_chain,logical,recursive,False,0.768823386017027,-0.8822378670387391,-0.5771849671699844,0.8819903145925303,0.060128263870349044,-0.8822378670387391,ordinary
glm4,never,no_agent,negation,passive,False,0.7614484278995232,-0.6867640136021738,-0.033890830571059,0.8963067903402401,-0.5997957582012303,-0.6867640136021738,ordinary
glm4,complement_clause,inference,recursive,logical,False,0.7599518097981679,-0.8984702012668505,-0.4432081300510681,0.8174081479120893,-0.5549903525942912,-0.8984702012668505,ordinary
glm4,get_passive,scope_quantifier,passive,negation,False,0.7575522851286263,-0.8296874931350621,-0.28254589879200626,0.9288146616496732,-0.11934839219465657,-0.8296874931350621,ordinary
glm4,inference,possessive_chain,logical,recursive,False,0.7566401970419939,-0.8841771789962602,-0.4281516286093679,0.8191947346163742,-0.32096902479897566,-0.8841771789962602,ordinary
glm4,conditional,contrast,logical,logical,True,0.7564337399289028,-0.7164314357571049,-0.936448391803677,0.9297644177121602,0.5860642913256758,-0.936448391803677,ordinary
glm4,and_or,pp_chain,logical,recursive,False,0.7552516801751883,-0.6281274610884005,-0.12196243228870092,0.8640340439540047,0.11959579640341472,-0.6281274610884005,ordinary
glm4,get_passive,never,passive,negation,False,0.7539709236794206,-0.8213512134527534,-0.19408841877882024,0.9279272392107561,0.15812204015999798,-0.8213512134527534,ordinary
glm4,complement_clause,no_agent,recursive,passive,False,0.7527031903123941,-0.7677133967155287,-0.06345024341561464,0.8312427018743047,-0.615437820384606,-0.7677133967155287,ordinary
glm4,contrast,existential_no,logical,negation,False,0.7524639532193786,-0.7966772630220075,-0.7877332487826583,0.8944669011002492,-0.34036360255858666,-0.7966772630220075,ordinary
glm4,lexical_not_adj,no_agent,negation,passive,False,0.7512311621914329,-0.3756574714292827,-0.3864451927856072,0.8652467342838083,-0.6603785130670833,-0.3864451927856072,ordinary
glm4,complement_clause,get_passive,recursive,passive,False,0.7479630237619418,-0.8855914200361666,-0.29677378498254836,0.9267748961136956,0.18201426362704967,-0.8855914200361666,ordinary
glm4,causal,scope_quantifier,logical,negation,False,0.7478509978888604,-0.698383568880826,-0.35375674138419977,0.8208651979854902,-0.6609940352550517,-0.698383568880826,ordinary
glm4,no_agent,possessive_chain,passive,recursive,False,0.7470237288982712,-0.7609477497375918,-0.021255284325269613,0.8309130148995211,-0.34140779643694846,-0.7609477497375918,ordinary
glm4,no_agent,pp_chain,passive,recursive,False,0.7467084027937191,-0.4793652568602959,0.23887220258031766,0.8069638301170532,-0.19787284064118066,-0.4793652568602959,ordinary
glm4,get_passive,possessive_chain,passive,recursive,False,0.7397373043943013,-0.9017365903235579,-0.3177438518652395,0.9237884511176327,-0.5813958935770523,-0.9017365903235579,ordinary
glm4,get_passive,pp_chain,passive,recursive,False,0.738958019261056,-0.5893345841408871,-0.004144511332785214,0.9083360740039891,-0.641684546563744,-0.5893345841408871,ordinary
glm4,inference,pp_chain,logical,recursive,False,0.7301193615991164,-0.7112120052440418,-0.32530210896276873,0.8007787373889281,-0.2659609491671243,-0.7112120052440418,ordinary
glm4,causal,never,logical,negation,False,0.7199154471752681,-0.8377135605647428,-0.8535181035781992,0.8671330120219815,-0.5674884895389337,-0.8535181035781992,ordinary
glm4,causal,complement_clause,logical,recursive,False,0.7107383676172323,-0.9148232482639574,-0.43606717818977825,0.7952423036424878,-0.5587274253133436,-0.9148232482639574,ordinary
glm4,contrast,scope_quantifier,logical,negation,False,0.7104506812348143,-0.7789171035852506,-0.4942578695724502,0.8162326358897481,-0.6736869539057686,-0.7789171035852506,ordinary
glm4,causal,possessive_chain,logical,recursive,False,0.7064912600163169,-0.9045795742875695,-0.43461696853062565,0.7943108380909423,-0.3204903821514835,-0.9045795742875695,ordinary
glm4,contrast,pp_chain,logical,recursive,False,0.6852671136367928,-0.6022807709048242,-0.04941914993567383,0.7704275016191867,-0.2622874908884615,-0.6022807709048242,ordinary
glm4,causal,pp_chain,logical,recursive,False,0.6792697686153554,-0.7376048748566205,-0.3632827150393766,0.7701385017247214,-0.2826018883285036,-0.7376048748566205,ordinary
glm4,contrast,never,logical,negation,False,0.6770892224538946,-0.9337999005588582,-0.9598535735369579,0.8564393886466773,-0.6788407268867783,-0.9598535735369579,ordinary
glm4,complement_clause,contrast,recursive,logical,False,0.6764621112140352,-0.9629638713889858,-0.7340019549770036,0.7906975166486433,-0.597354562196714,-0.9629638713889858,ordinary
glm4,contrast,possessive_chain,logical,recursive,False,0.6715055645005678,-0.9544836995588843,-0.7379647622310528,0.7905736710193607,-0.3303011326580274,-0.9544836995588843,ordinary
glm4,complement_clause,possessive_chain,recursive,recursive,True,0.9986323905163557,0.9905285237234503,0.9726463910709785,0.9906190690130933,0.2654479449049648,0.9726463910709785,residual_stable_candidate
glm4,conditional,existential_no,logical,negation,False,0.9958110350960041,0.9673470400073486,0.7816038699412957,0.9752251205797947,0.1663276092789666,0.7816038699412957,residual_stable_candidate
glm4,complement_clause,never,recursive,negation,False,0.9939401550779583,0.9570903200556875,0.7935904953431223,0.9753253479387516,0.2591936536483965,0.7935904953431223,residual_stable_candidate
glm4,never,possessive_chain,negation,recursive,False,0.9932569818745749,0.9538701235569795,0.7972522780740338,0.9686838500321133,0.028114084470703665,0.7972522780740338,residual_stable_candidate
glm4,and_or,inference,logical,logical,True,0.9893373139213161,0.9276622056412341,0.5165851691615476,0.8803712724389581,0.1674387154986835,0.5165851691615476,residual_stable_candidate
glm4,causal,inference,logical,logical,True,0.9889520624336394,0.9523723797508907,0.7105931556617512,0.9896946688750142,0.9002616972948003,0.7105931556617512,residual_stable_candidate
glm4,causal,contrast,logical,logical,True,0.9871288723978789,0.9479810789368299,0.8207262911113807,0.9927852020807847,0.9282007489753973,0.8207262911113807,residual_stable_candidate
glm4,existential_no,never,negation,negation,True,0.9827895155448506,0.8561556211007518,0.7245986276075416,0.9871188305769126,0.6714410521837598,0.7245986276075416,residual_stable_candidate
glm4,complement_clause,scope_quantifier,recursive,negation,False,0.9808736433962949,0.8491823578228509,0.4910167417772537,0.9846908404477505,0.21823170777656536,0.4910167417772537,residual_stable_candidate
glm4,possessive_chain,scope_quantifier,recursive,negation,False,0.9801343306817565,0.8498546555416544,0.5045683101750285,0.9888408908698796,0.36021225615346464,0.5045683101750285,residual_stable_candidate
glm4,and_or,causal,logical,logical,True,0.9799817284299879,0.9088016683311365,0.4498750323567907,0.8755277397106707,0.14569329219503635,0.4498750323567907,residual_stable_candidate
glm4,contrast,inference,logical,logical,True,0.977552560213685,0.9126981662867848,0.6560658113381317,0.9862369250030231,0.9137765934692587,0.6560658113381317,residual_stable_candidate
glm4,conditional,never,logical,negation,False,0.9772005388562204,0.8218257003544519,0.9480131405277433,0.9448593483560398,-0.20119379068200977,0.8218257003544519,residual_stable_candidate
glm4,complement_clause,existential_no,recursive,negation,False,0.9761185108449459,0.8167542532946215,0.3530601950887593,0.9477758224983608,0.015649369127144246,0.3530601950887593,residual_stable_candidate
glm4,existential_no,possessive_chain,negation,recursive,False,0.9758432560843274,0.8139038309402442,0.3554205501389589,0.9486221348223496,-0.16390217908514756,0.3554205501389589,residual_stable_candidate
glm4,and_or,contrast,logical,logical,True,0.9742476435388147,0.9056451560814704,0.582716590695621,0.880348664249122,0.19767969969596175,0.582716590695621,residual_stable_candidate
glm4,never,scope_quantifier,negation,negation,True,0.9740000915752884,0.8046525427513512,0.49234533388371665,0.9786190981892913,0.6769109633147092,0.49234533388371665,residual_stable_candidate
glm4,conditional,possessive_chain,logical,recursive,False,0.9660740280529956,0.7502537186876335,0.6599551633848963,0.895652608244962,-0.19903851455056357,0.6599551633848963,residual_stable_candidate
glm4,complement_clause,conditional,recursive,logical,False,0.9659744086904154,0.7493684455771852,0.663736169200673,0.8918843642500855,-0.294852276803543,0.663736169200673,residual_stable_candidate
glm4,conditional,scope_quantifier,logical,negation,False,0.9488305086337273,0.5633942682664159,0.574770556798841,0.9071241368608709,-0.4935768713820137,0.5633942682664159,residual_stable_candidate
glm4,by_phrase,syntactic_do_not,passive,negation,False,0.9294141157263905,0.6902476158104914,0.5558722434222211,0.9706557106175223,0.6272914485088937,0.5558722434222211,residual_stable_candidate
deepseek7b,and_or,existential_no,logical,negation,False,0.9941351610147328,0.7787219169084291,0.007448858654629682,0.9321110909617001,-0.05752823647030696,0.007448858654629682,category_shape_candidate
deepseek7b,contrast,morphological_neg,logical,negation,False,0.9704743119532512,0.23030532326023576,-0.29482085772364697,0.9414345159855663,0.13397620404472022,-0.29482085772364697,category_shape_candidate
deepseek7b,causal,morphological_neg,logical,negation,False,0.9701498635638719,0.22833145574425803,-0.2891226977009367,0.9176856671463524,-0.03713500927410672,-0.2891226977009367,category_shape_candidate
deepseek7b,and_or,morphological_neg,logical,negation,False,0.9694360706764957,0.20349246163403065,-0.30974950148322195,0.9078218122740997,-0.0296702426922527,-0.30974950148322195,category_shape_candidate
deepseek7b,conditional,no_agent,logical,passive,False,0.9546539749915043,0.2049806284811373,-0.2914582644994882,0.8782329599310876,0.20112789778911608,-0.2914582644994882,category_shape_candidate
deepseek7b,dative_passive,pp_chain,passive,recursive,False,0.9479403924877658,0.3398012644512782,-0.03488771410090619,0.9518026524225944,0.5433204282729713,-0.03488771410090619,category_shape_candidate
deepseek7b,by_phrase,pp_chain,passive,recursive,False,0.9476245589392213,0.34694893557916495,-0.036953514643892266,0.9798424214905855,0.6079561531885261,-0.036953514643892266,category_shape_candidate
deepseek7b,by_phrase,get_passive,passive,passive,True,0.9811130735853768,0.12137450936021324,-0.10427345367519629,0.9926412389974714,0.6495485527106241,-0.10427345367519629,model_shape_candidate
deepseek7b,by_phrase,possessive_chain,passive,recursive,False,0.9801807783266325,0.08712931286830741,-0.2803090076437283,0.989539059379169,0.6477101356105526,-0.2803090076437283,model_shape_candidate
deepseek7b,dative_passive,get_passive,passive,passive,True,0.9800828119237884,0.0928951204971004,-0.11517578394266118,0.9671229041884158,0.5604891520768012,-0.11517578394266118,model_shape_candidate
deepseek7b,by_phrase,relative_clause,passive,recursive,False,0.9796582840092187,0.07139607296532091,-0.2639422714766054,0.9766862675794973,0.47734251920370324,-0.2639422714766054,model_shape_candidate
deepseek7b,dative_passive,syntactic_do_not,passive,negation,False,0.9791206801447976,0.06147485667882901,0.047386571456904454,0.979545497361449,0.3222199395875335,0.047386571456904454,model_shape_candidate
deepseek7b,and_or,get_passive,logical,passive,False,0.978730706254955,-0.17021705274325147,0.685367869807908,0.9664932462111235,-0.07700943394252896,-0.17021705274325147,model_shape_candidate
deepseek7b,and_or,syntactic_do_not,logical,negation,False,0.9786412525574849,-0.15202946207177132,0.16118008780647491,0.9758274475803353,0.27404374942206217,-0.15202946207177132,model_shape_candidate
deepseek7b,dative_passive,possessive_chain,passive,recursive,False,0.9785847856355706,0.032126116396092454,-0.3113690117150044,0.963480926293843,0.05127713275483111,-0.3113690117150044,model_shape_candidate
deepseek7b,by_phrase,syntactic_do_not,passive,negation,False,0.9784349438768645,0.014162122970084984,-0.04054771597231475,0.9714770061111065,-0.00040149966109784285,-0.04054771597231475,model_shape_candidate
deepseek7b,dative_passive,never,passive,negation,False,0.9784308295230213,0.041516509641325576,0.08398059669983879,0.9641231691441066,-0.054238318882190176,0.041516509641325576,model_shape_candidate
deepseek7b,existential_no,never,negation,negation,True,0.9782917375324165,-0.11122970641262381,-0.6359346309661689,0.9492995723217174,0.2566240070065822,-0.6359346309661689,model_shape_candidate
deepseek7b,dative_passive,scope_quantifier,passive,negation,False,0.9782815395542858,0.03627990748789283,0.050390952954766075,0.9713797311856549,-0.1276547197968506,0.03627990748789283,model_shape_candidate
deepseek7b,dative_passive,relative_clause,passive,recursive,False,0.9782570116357724,0.024792141762233568,-0.2865418982585744,0.9812333915919683,-0.10101392053449287,-0.2865418982585744,model_shape_candidate
deepseek7b,and_or,never,logical,negation,False,0.9781533797790384,-0.16725868750511672,0.1698446114378557,0.9635574156648565,0.15853838655768066,-0.16725868750511672,model_shape_candidate
deepseek7b,and_or,relative_clause,logical,recursive,False,0.9779989774437322,-0.1936308013211892,0.5353721016553444,0.974355242307998,-0.03062683232709371,-0.1936308013211892,model_shape_candidate
deepseek7b,by_phrase,scope_quantifier,passive,negation,False,0.9777894343689774,-0.0012941766964906256,-0.030306484720419937,0.9356249387974568,-0.13585516270251127,-0.030306484720419937,model_shape_candidate
deepseek7b,by_phrase,never,passive,negation,False,0.9775962151540448,-0.011275351496030614,-0.02483495973353257,0.9367642367909069,-0.3107376380397583,-0.02483495973353257,model_shape_candidate
deepseek7b,contrast,never,logical,negation,False,0.9773308431289782,-0.19266804798023576,0.12601703269492648,0.9582517326144794,0.1492210231569769,-0.19266804798023576,model_shape_candidate
deepseek7b,existential_no,scope_quantifier,negation,negation,True,0.9773274634876365,-0.15679168330111948,-0.6820536789165642,0.9180484135459119,0.10182450216011092,-0.6820536789165642,model_shape_candidate
deepseek7b,causal,get_passive,logical,passive,False,0.9773256685359245,-0.22223216527438647,0.7623303980211658,0.9606670727724289,-0.20190024845131782,-0.22223216527438647,model_shape_candidate
deepseek7b,and_or,possessive_chain,logical,recursive,False,0.9772058062625532,-0.24387412860928886,0.49982657240710654,0.9544844536584974,-0.34398502178000484,-0.24387412860928886,model_shape_candidate
deepseek7b,causal,syntactic_do_not,logical,negation,False,0.9771825487055553,-0.20497427683704533,0.10404854230761633,0.9580914482461305,-0.0050742271887011785,-0.20497427683704533,model_shape_candidate
deepseek7b,and_or,scope_quantifier,logical,negation,False,0.9771531406771246,-0.2195834001589602,0.14663030564101492,0.9413894570968119,-0.21667437384104024,-0.2195834001589602,model_shape_candidate
deepseek7b,existential_no,relative_clause,negation,recursive,False,0.9770809111853898,-0.18401257445007407,0.1592261455019872,0.9266015491464289,0.05124960688175185,-0.18401257445007407,model_shape_candidate
deepseek7b,contrast,relative_clause,logical,recursive,False,0.9769728876622323,-0.23039089852843359,0.5670204411709041,0.9608190670593783,-0.19915608834123535,-0.23039089852843359,model_shape_candidate
deepseek7b,existential_no,lexical_not_adj,negation,negation,True,0.9769158858292497,-0.040350617385214914,-0.6016332541736434,0.9628464343810483,0.3318846915877398,-0.6016332541736434,model_shape_candidate
deepseek7b,contrast,possessive_chain,logical,recursive,False,0.9768631483489487,-0.24507660805298973,0.577566533715341,0.9453296135918797,-0.36646260080300314,-0.24507660805298973,model_shape_candidate
deepseek7b,contrast,scope_quantifier,logical,negation,False,0.9766568119298988,-0.22867088053165097,0.14210276063558827,0.9416746975793875,-0.10498614552364656,-0.22867088053165097,model_shape_candidate
deepseek7b,contrast,get_passive,logical,passive,False,0.9765827468579984,-0.26423546646679447,0.7018426313004258,0.9497543944605309,-0.3815731911819171,-0.26423546646679447,model_shape_candidate
deepseek7b,existential_no,syntactic_do_not,negation,negation,True,0.9765206160765756,-0.20536799370540568,-0.6147927177941259,0.9153957946144065,-0.060219757925125086,-0.6147927177941259,model_shape_candidate
deepseek7b,causal,never,logical,negation,False,0.9764763846892258,-0.23103971604036652,0.07320923741059078,0.9442983647958932,0.056348419103583965,-0.23103971604036652,model_shape_candidate
deepseek7b,existential_no,possessive_chain,negation,recursive,False,0.9764632762703636,-0.22373516696784154,0.15365760989959396,0.906615115642169,-0.10775136590901496,-0.22373516696784154,model_shape_candidate
deepseek7b,contrast,syntactic_do_not,logical,negation,False,0.9763608623891135,-0.24892959516993038,-0.04213799354242444,0.9436503342759422,-0.3410502172367092,-0.24892959516993038,model_shape_candidate
deepseek7b,causal,relative_clause,logical,recursive,False,0.9761825543241323,-0.26629025587213523,0.5630769419481951,0.9494624339091035,-0.4682836799389436,-0.26629025587213523,model_shape_candidate
deepseek7b,causal,possessive_chain,logical,recursive,False,0.9760946775166961,-0.28004236629541884,0.5748187236723535,0.9494898393586975,-0.5999841481711345,-0.28004236629541884,model_shape_candidate
deepseek7b,conditional,never,logical,negation,False,0.9760626400759221,-0.19120797482407517,0.24963262195444894,0.9665247634646336,0.058285406903920776,-0.19120797482407517,model_shape_candidate
deepseek7b,conditional,syntactic_do_not,logical,negation,False,0.9760397994973837,-0.19938723746893808,0.1786186367332703,0.9725105659343817,-0.047921425298047556,-0.19938723746893808,model_shape_candidate
deepseek7b,causal,scope_quantifier,logical,negation,False,0.9759483458791731,-0.25980002519591394,0.1108901027161028,0.9185779279482572,-0.36728939844926045,-0.25980002519591394,model_shape_candidate
deepseek7b,conditional,get_passive,logical,passive,False,0.9759233232127598,-0.23024575136833172,0.6445163605800741,0.9533562645468944,-0.21473335834362317,-0.23024575136833172,model_shape_candidate
deepseek7b,conditional,scope_quantifier,logical,negation,False,0.9756814783980504,-0.21261303404296536,0.29890723492819815,0.9547121500091544,-0.3625612463984293,-0.21261303404296536,model_shape_candidate
deepseek7b,by_phrase,lexical_not_adj,passive,negation,False,0.9754185748846921,0.01251953075039025,0.04052215763582237,0.9511044591346459,0.07566772295901411,0.01251953075039025,model_shape_candidate
deepseek7b,existential_no,get_passive,negation,passive,False,0.9751608509780081,-0.29361424909355766,-0.1729180170658081,0.9083328371829658,-0.40025212029410445,-0.29361424909355766,model_shape_candidate
deepseek7b,conditional,relative_clause,logical,recursive,False,0.9748106897605705,-0.27320203817712185,0.4488224908043571,0.9653002875911723,-0.6299230015743055,-0.27320203817712185,model_shape_candidate
deepseek7b,and_or,lexical_not_adj,logical,negation,False,0.9746768053211515,-0.18683114164401993,0.2694441605953241,0.9645022282857526,-0.07124936533858849,-0.18683114164401993,model_shape_candidate
deepseek7b,conditional,possessive_chain,logical,recursive,False,0.9746534891220396,-0.2895154415910894,0.4536124299902652,0.9439327347034523,-0.7538040996448776,-0.2895154415910894,model_shape_candidate
deepseek7b,contrast,lexical_not_adj,logical,negation,False,0.9739465914452976,-0.2058076355513404,0.251443196564254,0.9636673231067455,-0.10748330331757566,-0.2058076355513404,model_shape_candidate
deepseek7b,dative_passive,lexical_not_adj,passive,negation,False,0.9732850046839133,-0.05837777190429905,-0.07996116561057613,0.9451101552008516,-0.5488612141031305,-0.07996116561057613,model_shape_candidate
deepseek7b,causal,lexical_not_adj,logical,negation,False,0.972922925896314,-0.24670809735155633,0.18868209511517986,0.9514372085266416,-0.3717899235212341,-0.24670809735155633,model_shape_candidate
deepseek7b,conditional,lexical_not_adj,logical,negation,False,0.9707277133145761,-0.2900101162374038,0.125820925205792,0.9548660314427933,-0.5445341216028569,-0.2900101162374038,model_shape_candidate
deepseek7b,conditional,morphological_neg,logical,negation,False,0.9655064231056616,0.11150561383615096,-0.41461298613722164,0.9020062947393742,-0.339473718444165,-0.41461298613722164,model_shape_candidate
deepseek7b,lexical_not_adj,morphological_neg,negation,negation,True,0.9587733696626262,-0.33185495333523357,-0.6164549742697925,0.9373880810013103,0.6381329263382245,-0.6164549742697925,model_shape_candidate
deepseek7b,morphological_neg,never,negation,negation,True,0.9570432888039058,-0.5492280963708585,-0.8349887009384549,0.9184381367876001,0.19681737810164135,-0.8349887009384549,model_shape_candidate
deepseek7b,morphological_neg,scope_quantifier,negation,negation,True,0.9566434191730624,-0.5576603115721104,-0.8209748754609024,0.8882180053824084,0.2835509698808017,-0.8209748754609024,model_shape_candidate
deepseek7b,morphological_neg,relative_clause,negation,recursive,False,0.9563471718566464,-0.5836264831988284,-0.4052170746735205,0.8960730569704658,0.22961457524284706,-0.5836264831988284,model_shape_candidate
deepseek7b,morphological_neg,possessive_chain,negation,recursive,False,0.9549137322175291,-0.6440886098745643,-0.44454469159193627,0.8701380446198625,0.02833520786000616,-0.6440886098745643,model_shape_candidate
deepseek7b,morphological_neg,syntactic_do_not,negation,negation,True,0.9547433908484063,-0.6395840329544413,-0.800055513992904,0.876639982940409,-0.33983849460689064,-0.800055513992904,model_shape_candidate
deepseek7b,get_passive,morphological_neg,passive,negation,False,0.9536303565188581,-0.6975571623470219,-0.7506702801560122,0.8713044074026473,-0.5548032116381986,-0.7506702801560122,model_shape_candidate
deepseek7b,and_or,by_phrase,logical,passive,False,0.953575973765492,-0.5930361590797611,0.09642838465293539,0.9605669972057089,-0.1322767491448753,-0.5930361590797611,model_shape_candidate
deepseek7b,contrast,no_agent,logical,passive,False,0.9535053953450758,0.192278918314015,-0.3144620580094674,0.861833284768364,-0.10191865447783846,-0.3144620580094674,model_shape_candidate
deepseek7b,and_or,dative_passive,logical,passive,False,0.953258292231816,-0.6047409478071352,0.005819849267687412,0.9573829485833478,-0.11620496014704855,-0.6047409478071352,model_shape_candidate
deepseek7b,causal,no_agent,logical,passive,False,0.953103986227046,0.191460746352497,-0.34613437302105154,0.9057129807498218,0.02515889716329478,-0.34613437302105154,model_shape_candidate
deepseek7b,conditional,dative_passive,logical,passive,False,0.9527956645605614,-0.5603003849476335,0.06808600715241613,0.9642504495013183,0.06632763647825556,-0.5603003849476335,model_shape_candidate
deepseek7b,and_or,no_agent,logical,passive,False,0.9518855679643298,0.16453906913413555,-0.3678487049495619,0.8888481625574205,-0.09467445388904286,-0.3678487049495619,model_shape_candidate
deepseek7b,causal,dative_passive,logical,passive,False,0.9515803206299597,-0.6410622264347167,-0.04514997578649084,0.9320741784785477,-0.1547356567221725,-0.6410622264347167,model_shape_candidate
deepseek7b,by_phrase,causal,passive,logical,False,0.9515005667758757,-0.6429049520273721,0.027047353619263498,0.9502961915634573,-0.4864644803878838,-0.6429049520273721,model_shape_candidate
deepseek7b,contrast,dative_passive,logical,passive,False,0.9513164656026012,-0.6589170414936467,-0.04052536259288573,0.9354280918037643,-0.33388192857643206,-0.6589170414936467,model_shape_candidate
deepseek7b,by_phrase,contrast,passive,logical,False,0.9510689665346491,-0.6668000669482634,0.01493711185193013,0.9372289354463565,-0.4990025875838522,-0.6668000669482634,model_shape_candidate
deepseek7b,by_phrase,conditional,passive,logical,False,0.949829156385427,-0.6589655002156436,-0.08871848693916153,0.9434215785714714,-0.6185261976390216,-0.6589655002156436,model_shape_candidate
deepseek7b,by_phrase,existential_no,passive,negation,False,0.9492611586613887,-0.649954395927294,-0.5049125491418163,0.8992141203382097,-0.2894426817167791,-0.649954395927294,model_shape_candidate
deepseek7b,dative_passive,existential_no,passive,negation,False,0.9487455937716582,-0.6695351543758937,-0.5142565438193917,0.8928629103392725,-0.3895028161883111,-0.6695351543758937,model_shape_candidate
deepseek7b,existential_no,no_agent,negation,passive,False,0.9469201725014309,0.12685562056032018,0.5692390744601533,0.8191698412774513,-0.2967795463767353,0.12685562056032018,model_shape_candidate
deepseek7b,get_passive,no_agent,passive,passive,True,0.9441550918549738,-0.40648219750063064,-0.36075410655627166,0.9329943829592888,0.07230038889475598,-0.40648219750063064,model_shape_candidate
deepseek7b,conditional,inference,logical,logical,True,0.9435205342368614,-0.0302792352254692,-0.7780911195022095,0.9669396994985294,0.542157903778132,-0.7780911195022095,model_shape_candidate
deepseek7b,no_agent,possessive_chain,passive,recursive,False,0.9430746734799844,-0.4166347029417847,-0.021449701071989936,0.9307629351004173,-0.099121426090609,-0.4166347029417847,model_shape_candidate
deepseek7b,no_agent,syntactic_do_not,passive,negation,False,0.9427653277482628,-0.4321714183901545,-0.23130011057238398,0.8975763062584713,-0.2134443577723133,-0.4321714183901545,model_shape_candidate
deepseek7b,contrast,inference,logical,logical,True,0.9420790497608839,-0.0453645956953162,-0.8218900695151877,0.9684390130940087,0.26350048351667804,-0.8218900695151877,model_shape_candidate
deepseek7b,no_agent,relative_clause,passive,recursive,False,0.9413431291687956,-0.4438557469131538,-0.030919561888881075,0.8809372589875318,-0.2593907676688213,-0.4438557469131538,model_shape_candidate
deepseek7b,causal,inference,logical,logical,True,0.9413309415100078,-0.04786418940889007,-0.8773164959400925,0.9645931179159128,0.2648744808093395,-0.8773164959400925,model_shape_candidate
deepseek7b,no_agent,scope_quantifier,passive,negation,False,0.9402275892569354,-0.45911371798849326,-0.264747595725849,0.8377337558276525,-0.24647324224459446,-0.45911371798849326,model_shape_candidate
deepseek7b,never,no_agent,negation,passive,False,0.9397082669783572,-0.47916171000864716,-0.29307341337723175,0.8304129310489754,-0.5473785441323205,-0.47916171000864716,model_shape_candidate
deepseek7b,dative_passive,inference,passive,logical,False,0.9386963841115316,-0.01737918752768201,0.0017020056197050108,0.9414904107301754,-0.005405701518983335,-0.01737918752768201,model_shape_candidate
deepseek7b,and_or,inference,logical,logical,True,0.9379792795701963,-0.10759916803966083,-0.7996609917175431,0.9585567607510304,0.04312243775262287,-0.7996609917175431,model_shape_candidate
deepseek7b,inference,syntactic_do_not,logical,negation,False,0.9370855232070909,-0.6565653841821802,-0.12620359556068772,0.9605031099460313,-0.022085231577832865,-0.6565653841821802,model_shape_candidate
deepseek7b,get_passive,pp_chain,passive,recursive,False,0.9365191607103412,-0.19670662517250856,-0.588525774792039,0.974144399734499,0.6189307280548424,-0.588525774792039,model_shape_candidate
deepseek7b,lexical_not_adj,no_agent,negation,passive,False,0.9360881678624567,-0.4026874658357201,-0.22044999662688697,0.8631132969314382,-0.20007277565899748,-0.4026874658357201,model_shape_candidate
deepseek7b,possessive_chain,pp_chain,recursive,recursive,True,0.9349871682923317,-0.21977259804092728,-0.4815839991268995,0.9730620400186488,0.37489511664733616,-0.4815839991268995,model_shape_candidate
deepseek7b,by_phrase,inference,passive,logical,False,0.9348986907408783,-0.0445271207220609,-0.01653056082781739,0.9517238592135372,-0.42998748850716223,-0.0445271207220609,model_shape_candidate
deepseek7b,existential_no,inference,negation,logical,False,0.933784389478711,-0.10010146072399592,-0.12848831220916948,0.9265952490079207,-0.17672274793104892,-0.12848831220916948,model_shape_candidate
deepseek7b,inference,never,logical,negation,False,0.9335895285046961,-0.6978505346617659,-0.19213489151706006,0.94064729313455,-0.1749171639768064,-0.6978505346617659,model_shape_candidate
deepseek7b,pp_chain,syntactic_do_not,recursive,negation,False,0.9332505934921307,-0.2652781549766431,-0.08078234658505376,0.943008102593955,-0.05222811657592721,-0.2652781549766431,model_shape_candidate
deepseek7b,pp_chain,relative_clause,recursive,recursive,True,0.9330175214227926,-0.2545012106438421,-0.48926808255159465,0.9475604677201543,0.08554233472042348,-0.48926808255159465,model_shape_candidate
deepseek7b,get_passive,inference,passive,logical,False,0.9329056732052824,-0.7485104120344578,-0.8523109920075532,0.9621381085258427,-0.27831270047448503,-0.8523109920075532,model_shape_candidate
deepseek7b,pp_chain,scope_quantifier,recursive,negation,False,0.9314555926556861,-0.28165260871836933,-0.12707206624818476,0.9112931357028203,-0.20940755016270535,-0.28165260871836933,model_shape_candidate
deepseek7b,never,pp_chain,negation,recursive,False,0.9310708018384775,-0.29636080023597206,-0.1157723746798503,0.9024733071565708,-0.3778215485314989,-0.29636080023597206,model_shape_candidate
deepseek7b,inference,possessive_chain,logical,recursive,False,0.9308932491072383,-0.7713525412026796,-0.641263998798003,0.9574801884227303,-0.59875484109152,-0.7713525412026796,model_shape_candidate
deepseek7b,inference,scope_quantifier,logical,negation,False,0.9307576966218356,-0.7432321415374696,-0.21521864703742394,0.9339218903103366,-0.3361822851094983,-0.7432321415374696,model_shape_candidate
deepseek7b,inference,relative_clause,logical,recursive,False,0.9293146129024937,-0.7864620283718322,-0.6451236811552599,0.9541633296870575,-0.6337770864536336,-0.7864620283718322,model_shape_candidate
deepseek7b,lexical_not_adj,pp_chain,negation,recursive,False,0.9258485147589773,-0.2850147969730073,-0.15513927146724743,0.9099794121986259,-0.34237755609263126,-0.2850147969730073,model_shape_candidate
deepseek7b,inference,lexical_not_adj,logical,negation,False,0.9220999171597432,-0.716389001126586,-0.25660486215597283,0.9392635219563419,-0.5721150058484721,-0.716389001126586,model_shape_candidate
deepseek7b,complement_clause,get_passive,recursive,passive,False,0.9181018190412747,-0.0877816141570207,-0.15980385350070272,0.9623659333541559,0.2768813135345338,-0.15980385350070272,model_shape_candidate
deepseek7b,complement_clause,possessive_chain,recursive,recursive,True,0.9165299072745334,-0.10541358147839572,-0.6187435760048604,0.9631834585900207,0.01697132345236885,-0.6187435760048604,model_shape_candidate
deepseek7b,complement_clause,syntactic_do_not,recursive,negation,False,0.9164746490395472,-0.12082518885833142,-0.07233786996853739,0.9523577387234593,0.02745197319216297,-0.12082518885833142,model_shape_candidate
deepseek7b,complement_clause,scope_quantifier,recursive,negation,False,0.9150458232469054,-0.12094027078219258,-0.09443741436445281,0.935076543030785,-0.12558793381244926,-0.12094027078219258,model_shape_candidate
deepseek7b,complement_clause,relative_clause,recursive,recursive,True,0.9149751912292893,-0.1258657641700049,-0.6122710862662756,0.9507011954933341,-0.19571977834416557,-0.6122710862662756,model_shape_candidate
deepseek7b,complement_clause,never,recursive,negation,False,0.9144522624571596,-0.1404492184722614,-0.09392376964247513,0.9163371264830464,-0.20070010750137862,-0.1404492184722614,model_shape_candidate
deepseek7b,complement_clause,lexical_not_adj,recursive,negation,False,0.907766297888877,-0.16031937022475168,-0.16673077742870268,0.9122068650593,-0.4494558759946295,-0.16673077742870268,model_shape_candidate
deepseek7b,by_phrase,no_agent,passive,passive,True,0.9016588716728294,-0.5483693382494265,-0.8696552455458552,0.913765763081779,-0.10884839487803565,-0.8696552455458552,model_shape_candidate
deepseek7b,dative_passive,no_agent,passive,passive,True,0.9016278323112081,-0.5672286731211401,-0.8656257271054689,0.8573761242696798,-0.17478352055801413,-0.8656257271054689,model_shape_candidate
deepseek7b,relative_clause,scope_quantifier,recursive,negation,False,0.9984269927370959,0.8969912270785199,0.17914619587931502,0.9745273509203471,0.283978185084757,0.17914619587931502,ordinary
deepseek7b,possessive_chain,scope_quantifier,recursive,negation,False,0.9982903562369001,0.88773341732566,0.21131446773228046,0.9508568712599396,0.32018457003677847,0.21131446773228046,ordinary
deepseek7b,lexical_not_adj,relative_clause,negation,recursive,False,0.9976126263582038,0.869598462523935,0.29414710520461584,0.9767576061275979,0.5755309769002808,0.29414710520461584,ordinary
deepseek7b,possessive_chain,syntactic_do_not,recursive,negation,False,0.9971276571343384,0.8137360475177778,0.16368855323891268,0.9719787841650817,0.06460466334978145,0.16368855323891268,ordinary
deepseek7b,never,relative_clause,negation,recursive,False,0.997034309093872,0.8077730083644584,0.16960741983399868,0.9681837522736715,-0.085264860490663,0.16960741983399868,ordinary
deepseek7b,never,possessive_chain,negation,recursive,False,0.9968852652759641,0.7979305501636239,0.2008919024652387,0.9376371921226843,-0.20521198773141827,0.2008919024652387,ordinary
deepseek7b,relative_clause,syntactic_do_not,recursive,negation,False,0.9968296776628413,0.7941048960488613,0.10795560702820783,0.9821485863917111,0.0056258443580413505,0.10795560702820783,ordinary
deepseek7b,lexical_not_adj,possessive_chain,negation,recursive,False,0.9967720161732001,0.8196252940304201,0.2780214258126532,0.9577965605139899,0.4307854605741476,0.2780214258126532,ordinary
deepseek7b,contrast,existential_no,logical,negation,False,0.9959846600664323,0.8488860776825691,0.16747187021980353,0.9627471295321426,0.05455584754233452,0.16747187021980353,ordinary
deepseek7b,causal,existential_no,logical,negation,False,0.9951191089735516,0.8178693507210839,0.1478735746697361,0.9432258021465576,0.024528414772238466,0.1478735746697361,ordinary
deepseek7b,conditional,existential_no,logical,negation,False,0.9931185648314783,0.7469063747678345,0.11079487968612176,0.929799331410167,-0.11870266552406598,0.11079487968612176,ordinary
deepseek7b,existential_no,morphological_neg,negation,negation,True,0.9743240068159434,0.3675430410750133,0.3962334835580542,0.9630184367060496,0.386747632694746,0.3675430410750133,ordinary
deepseek7b,by_phrase,morphological_neg,passive,negation,False,0.9677183950535806,0.24945399800575382,0.34394387925715403,0.8750288726392019,-0.07291290349266162,0.24945399800575382,ordinary
deepseek7b,dative_passive,morphological_neg,passive,negation,False,0.9662038337077525,0.20287250998437206,0.2864239773789989,0.866467486731427,-0.5211936846715357,0.20287250998437206,ordinary
deepseek7b,inference,pp_chain,logical,recursive,False,0.9335582117711194,0.4792926085559164,0.7026930926614706,0.936873760296468,-0.012216834971214412,0.4792926085559164,ordinary
deepseek7b,inference,morphological_neg,logical,negation,False,0.9333801358063419,0.30966535058301625,0.4012000340129527,0.9008917209939235,-0.23574354550692256,0.30966535058301625,ordinary
deepseek7b,complement_clause,dative_passive,recursive,passive,False,0.9294600316257723,0.35970804234377235,0.35110693138261884,0.964855365087027,0.4783276298894322,0.35110693138261884,ordinary
deepseek7b,by_phrase,complement_clause,passive,recursive,False,0.9272859236710872,0.3446458440310444,0.32430996911877413,0.9666865281390838,0.20513542699014736,0.32430996911877413,ordinary
deepseek7b,no_agent,pp_chain,passive,recursive,False,0.9047079481324104,0.2414269269469803,0.3086975788429176,0.916675933967384,0.1132305260955856,0.2414269269469803,ordinary
deepseek7b,morphological_neg,no_agent,negation,passive,False,0.8983568448540923,-0.13176462438094969,0.04799334603790896,0.7575298265000049,-0.388449475893986,-0.13176462438094969,ordinary
deepseek7b,conditional,pp_chain,logical,recursive,False,0.8968715575408124,-0.5475881467711005,-0.5440654692506792,0.9111323323081629,-0.22912280908776622,-0.5475881467711005,ordinary
deepseek7b,morphological_neg,pp_chain,negation,recursive,False,0.8960463638167414,-0.07527316064351379,0.25279010854023787,0.8175242362140054,-0.4618181092679317,-0.07527316064351379,ordinary
deepseek7b,and_or,pp_chain,logical,recursive,False,0.8959923965179091,-0.5909015920597528,-0.5421806071445874,0.9193361437656278,-0.32987577161569726,-0.5909015920597528,ordinary
deepseek7b,contrast,pp_chain,logical,recursive,False,0.8959740811403808,-0.585030932815159,-0.5960519427830958,0.9015965864119283,-0.29742751614780416,-0.5960519427830958,ordinary
deepseek7b,causal,pp_chain,logical,recursive,False,0.8950923658355369,-0.5910891377237426,-0.6232303450876989,0.9170208704645229,-0.3766279068486659,-0.6232303450876989,ordinary
deepseek7b,existential_no,pp_chain,negation,recursive,False,0.8903451532181482,-0.6060260382321344,-0.09273323796334336,0.8533466233198571,-0.4323987220989587,-0.6060260382321344,ordinary
deepseek7b,complement_clause,conditional,recursive,logical,False,0.8791896998595176,-0.36708264725708484,0.006418317180711874,0.9275248630956497,0.10702827853151763,-0.36708264725708484,ordinary
deepseek7b,and_or,complement_clause,logical,recursive,False,0.8767112255411823,-0.41967954078095554,-0.06656949986343687,0.918436116722361,-0.2757836581944899,-0.41967954078095554,ordinary
deepseek7b,causal,complement_clause,logical,recursive,False,0.8763685296652832,-0.41279081302048,-0.048330636527272895,0.9135841068888504,-0.07085985057563608,-0.41279081302048,ordinary
deepseek7b,complement_clause,contrast,recursive,logical,False,0.876340756260393,-0.42106853671727434,-0.07635665824661649,0.9025256905424545,-0.34710001044971456,-0.42106853671727434,ordinary
deepseek7b,complement_clause,morphological_neg,recursive,negation,False,0.8750503227265963,-0.0029947431902599617,0.2270855586090295,0.8251030843801446,-0.35462244904085544,-0.0029947431902599617,ordinary
deepseek7b,complement_clause,existential_no,recursive,negation,False,0.8714038137362158,-0.4278578651712116,-0.08405284080421815,0.855260720567978,-0.31615517267689214,-0.4278578651712116,ordinary
deepseek7b,complement_clause,pp_chain,recursive,recursive,True,0.8594383391771897,0.11660229814777079,-0.37969972350078374,0.9524255105657289,0.30322588098256525,-0.37969972350078374,ordinary
deepseek7b,complement_clause,inference,recursive,logical,False,0.8183443901206352,-0.06159746419759972,0.05642727222814851,0.9222007170286958,0.061561105386980335,-0.06159746419759972,ordinary
deepseek7b,complement_clause,no_agent,recursive,passive,False,0.7979588525792982,-0.3040970022508458,-0.249494411808264,0.8710195345570416,0.0021930374506028572,-0.3040970022508458,ordinary
deepseek7b,possessive_chain,relative_clause,recursive,recursive,True,0.9991784859305888,0.9446599453221193,0.9662492272066032,0.9811309715904699,0.6011516925934691,0.9446599453221193,residual_stable_candidate
deepseek7b,get_passive,possessive_chain,passive,recursive,False,0.9988081654846501,0.9196739725595031,0.6551089574565189,0.9954387089826306,0.47944003275334657,0.6551089574565189,residual_stable_candidate
deepseek7b,never,syntactic_do_not,negation,negation,True,0.9984876963637288,0.9051850381807928,0.8377410401650397,0.9729204611415263,0.270734627127235,0.8377410401650397,residual_stable_candidate
deepseek7b,by_phrase,dative_passive,passive,passive,True,0.9982587061709124,0.9474181706597065,0.9164872962526033,0.9719090061483863,0.41725954815174177,0.9164872962526033,residual_stable_candidate
deepseek7b,get_passive,relative_clause,passive,recursive,False,0.9981201714387833,0.8734318397104639,0.6329386957661765,0.9805025040723201,0.10636784537835862,0.6329386957661765,residual_stable_candidate
deepseek7b,never,scope_quantifier,negation,negation,True,0.9980000796223758,0.8728439644859408,0.7435075848223748,0.9698102145420182,0.33464090317662704,0.7435075848223748,residual_stable_candidate
deepseek7b,causal,contrast,logical,logical,True,0.9974189607463686,0.8992525197075699,0.6439143273166796,0.9703037576172827,0.39952195582668404,0.6439143273166796,residual_stable_candidate
deepseek7b,scope_quantifier,syntactic_do_not,negation,negation,True,0.9973090701204493,0.8285783091233,0.7036467124401338,0.962304272924764,0.032114699334819495,0.7036467124401338,residual_stable_candidate
deepseek7b,and_or,causal,logical,logical,True,0.9971173522817762,0.8866444465271413,0.6578408092126686,0.9718956031309387,0.3226616615084025,0.6578408092126686,residual_stable_candidate
deepseek7b,get_passive,syntactic_do_not,passive,negation,False,0.9970980592242444,0.8138693649336026,0.48809957541343124,0.978341862853729,0.20794165968297654,0.48809957541343124,residual_stable_candidate
deepseek7b,lexical_not_adj,scope_quantifier,negation,negation,True,0.997054819408185,0.8374079217544897,0.6447479804780796,0.9575298934474148,0.4429786015741383,0.6447479804780796,residual_stable_candidate
deepseek7b,causal,conditional,logical,logical,True,0.9969076634140834,0.8829568512551211,0.5922335790445854,0.9732168138382519,0.5973268418180844,0.5922335790445854,residual_stable_candidate
deepseek7b,get_passive,scope_quantifier,passive,negation,False,0.9968314239542839,0.7922066639738894,0.5463428818964954,0.9431940752217017,-0.2390715853232794,0.5463428818964954,residual_stable_candidate
deepseek7b,get_passive,never,passive,negation,False,0.9965348912728753,0.776404513000337,0.5665620260428106,0.9446357596131485,-0.2600094210141001,0.5665620260428106,residual_stable_candidate
deepseek7b,conditional,contrast,logical,logical,True,0.9964680360005005,0.8660778605455641,0.5501317695225406,0.9671415960463842,0.3887586904977542,0.5501317695225406,residual_stable_candidate
deepseek7b,and_or,contrast,logical,logical,True,0.995868955892813,0.8364976851799537,0.5180221171809967,0.9628171438184472,0.23103628361451664,0.5180221171809967,residual_stable_candidate
deepseek7b,lexical_not_adj,never,negation,negation,True,0.9955805705854439,0.7531659416708937,0.46170500464684605,0.9689164197830059,0.1906294892505808,0.46170500464684605,residual_stable_candidate
deepseek7b,and_or,conditional,logical,logical,True,0.9947835039855132,0.8005578183993084,0.4095583338435756,0.9746763474285548,0.11016302557501588,0.4095583338435756,residual_stable_candidate
deepseek7b,get_passive,lexical_not_adj,passive,negation,False,0.9942726925365784,0.6726713787861317,0.5152386399055088,0.9570112614056233,-0.29965793052887857,0.5152386399055088,residual_stable_candidate
deepseek7b,lexical_not_adj,syntactic_do_not,negation,negation,True,0.9940212299641062,0.663102566218769,0.35880172889496026,0.9617508451155926,-0.1380080395708516,0.35880172889496026,residual_stable_candidate
deepseek7b,inference,no_agent,logical,passive,False,0.9631422994017651,0.7199575946172532,0.4041949052264073,0.9120455947861172,0.37402152631900387,0.4041949052264073,residual_stable_candidate
